REALM,domtax,STUDY_ID,intlat2,nyears,nsppavg,Amphibians,Annelids,Birds,Bivalves.and.infauna,Cephalopods,Corals.anemones.and.jellyfish,Crustacea,Cyanobacteria,Fish,Fungi,Gastropods,Hemichordata,Insects,Liverworts,Macroalgae,Mammals,Mosses,Other.invertebrates,Phytoplankton,Reptiles,Vascular.plants,Vertebrate,Zooplankton
Freshwater,Fish,229,34,26,29.65384615,0,0,0,0,0,0,0,0,1,0,0,0,0,0,0,0,0,0,0,0,0,0,0
Freshwater,Fish,402,-24,6,7.833333333,0,0,0,0,0,0,0,0,1,0,0,0,0,0,0,0,0,0,0,0,0,0,0
Freshwater,Fish,430,-42,27,5.592592593,0,0,0,0,0,0,0,0,1,0,0,0,0,0,0,0,0,0,0,0,0,0,0
Freshwater,Fish,430,-38,32,6.21875,0,0,0,0,0,0,0,0,1,0,0,0,0,0,0,0,0,0,0,0,0,0,0
Freshwater,Fish,57,42,32,33.25,0,0,0,0,0,0,0,0,1,0,0,0,0,0,0,0,0,0,0,0,0,0,0
Freshwater,Other.invertebrates,237,42,15,19.2,0,0,0,0,0,0,0.266666667,0,0,0,0,0,0,0,0,0,0,0.733333333,0,0,0,0,0
Freshwater,Other.invertebrates,238,42,20,11.8,0,0,0,0,0,0,0.357142857,0,0,0,0,0,0,0,0,0,0,0.642857143,0,0,0,0,0
Freshwater,Other.invertebrates,253,46,29,31.62068966,0,0,0,0,0,0,0.215686275,0,0,0,0,0,0,0,0,0,0,0.784313725,0,0,0,0,0
Freshwater,Other.invertebrates,427,46,29,13.10344828,0,0,0,0.090909091,0,0,0.272727273,0,0,0,0,0,0,0,0,0,0,0.636363636,0,0,0,0,0
Freshwater,Amphibians,328,32,29,5.862068966,1,0,0,0,0,0,0,0,0,0,0,0,0,0,0,0,0,0,0,0,0,0,0
Freshwater,Amphibians,403,-22,7,6.857142857,1,0,0,0,0,0,0,0,0,0,0,0,0,0,0,0,0,0,0,0,0,0,0
Freshwater,Crustacea,247,42,27,25.18518519,0,0,0,0,0,0,0.5,0,0,0,0,0,0,0,0,0,0,0.5,0,0,0,0,0
Freshwater,Crustacea,247,42,27,21.62962963,0,0,0,0,0,0,0.5,0,0,0,0,0,0,0,0,0,0,0.5,0,0,0,0,0
Freshwater,Insects,478,50,26,20.23076923,0,0,0,0,0,0,0,0,0,0,0,0,1,0,0,0,0,0,0,0,0,0,0
Freshwater,Macroalgae,254,42,20,50.2,0,0,0,0,0,0,0,0.380952381,0,0,0,0,0,0,0.587301587,0,0,0,0,0,0,0,0.031746032
Marine,Fish,112,26,13,7.230769231,0,0,0,0,0,0,0,0,0.88519798,0,0,0,0,0,0,0,0,0,0,0.114270529,0,0.000531491,0
Marine,Fish,112,24,13,5.384615385,0,0,0,0,0,0,0,0,0.88519798,0,0,0,0,0,0,0,0,0,0,0.114270529,0,0.000531491,0
Marine,Fish,112,26,14,15.71428571,0,0,0,0,0,0,0,0,0.88519798,0,0,0,0,0,0,0,0,0,0,0.114270529,0,0.000531491,0
Marine,Fish,112,24,14,11.28571429,0,0,0,0,0,0,0,0,0.88519798,0,0,0,0,0,0,0,0,0,0,0.114270529,0,0.000531491,0
Marine,Fish,112,26,14,19.42857143,0,0,0,0,0,0,0,0,0.88519798,0,0,0,0,0,0,0,0,0,0,0.114270529,0,0.000531491,0
Marine,Fish,112,28,12,5.5,0,0,0,0,0,0,0,0,0.88519798,0,0,0,0,0,0,0,0,0,0,0.114270529,0,0.000531491,0
Marine,Fish,112,24,14,13.57142857,0,0,0,0,0,0,0,0,0.88519798,0,0,0,0,0,0,0,0,0,0,0.114270529,0,0.000531491,0
Marine,Fish,112,26,14,19.71428571,0,0,0,0,0,0,0,0,0.88519798,0,0,0,0,0,0,0,0,0,0,0.114270529,0,0.000531491,0
Marine,Fish,112,28,13,6,0,0,0,0,0,0,0,0,0.88519798,0,0,0,0,0,0,0,0,0,0,0.114270529,0,0.000531491,0
Marine,Fish,112,24,14,6,0,0,0,0,0,0,0,0,0.88519798,0,0,0,0,0,0,0,0,0,0,0.114270529,0,0.000531491,0
Marine,Fish,112,26,14,17.85714286,0,0,0,0,0,0,0,0,0.88519798,0,0,0,0,0,0,0,0,0,0,0.114270529,0,0.000531491,0
Marine,Fish,112,28,14,13.57142857,0,0,0,0,0,0,0,0,0.88519798,0,0,0,0,0,0,0,0,0,0,0.114270529,0,0.000531491,0
Marine,Fish,112,24,14,7.428571429,0,0,0,0,0,0,0,0,0.88519798,0,0,0,0,0,0,0,0,0,0,0.114270529,0,0.000531491,0
Marine,Fish,112,26,14,13.85714286,0,0,0,0,0,0,0,0,0.88519798,0,0,0,0,0,0,0,0,0,0,0.114270529,0,0.000531491,0
Marine,Fish,112,28,14,9.571428571,0,0,0,0,0,0,0,0,0.88519798,0,0,0,0,0,0,0,0,0,0,0.114270529,0,0.000531491,0
Marine,Fish,112,24,14,9.714285714,0,0,0,0,0,0,0,0,0.88519798,0,0,0,0,0,0,0,0,0,0,0.114270529,0,0.000531491,0
Marine,Fish,112,26,13,5.692307692,0,0,0,0,0,0,0,0,0.88519798,0,0,0,0,0,0,0,0,0,0,0.114270529,0,0.000531491,0
Marine,Fish,112,28,14,7.714285714,0,0,0,0,0,0,0,0,0.88519798,0,0,0,0,0,0,0,0,0,0,0.114270529,0,0.000531491,0
Marine,Fish,112,24,14,9.857142857,0,0,0,0,0,0,0,0,0.88519798,0,0,0,0,0,0,0,0,0,0,0.114270529,0,0.000531491,0
Marine,Fish,112,24,13,5.538461538,0,0,0,0,0,0,0,0,0.88519798,0,0,0,0,0,0,0,0,0,0,0.114270529,0,0.000531491,0
Marine,Fish,112,24,12,5.333333333,0,0,0,0,0,0,0,0,0.88519798,0,0,0,0,0,0,0,0,0,0,0.114270529,0,0.000531491,0
Marine,Fish,112,26,13,7.384615385,0,0,0,0,0,0,0,0,0.88519798,0,0,0,0,0,0,0,0,0,0,0.114270529,0,0.000531491,0
Marine,Fish,112,28,14,14,0,0,0,0,0,0,0,0,0.88519798,0,0,0,0,0,0,0,0,0,0,0.114270529,0,0.000531491,0
Marine,Fish,112,28,14,13.85714286,0,0,0,0,0,0,0,0,0.88519798,0,0,0,0,0,0,0,0,0,0,0.114270529,0,0.000531491,0
Marine,Fish,112,30,14,7.714285714,0,0,0,0,0,0,0,0,0.88519798,0,0,0,0,0,0,0,0,0,0,0.114270529,0,0.000531491,0
Marine,Fish,112,28,12,7.166666667,0,0,0,0,0,0,0,0,0.88519798,0,0,0,0,0,0,0,0,0,0,0.114270529,0,0.000531491,0
Marine,Fish,112,32,14,11.14285714,0,0,0,0,0,0,0,0,0.88519798,0,0,0,0,0,0,0,0,0,0,0.114270529,0,0.000531491,0
Marine,Fish,112,34,14,15.85714286,0,0,0,0,0,0,0,0,0.88519798,0,0,0,0,0,0,0,0,0,0,0.114270529,0,0.000531491,0
Marine,Fish,112,36,14,15.57142857,0,0,0,0,0,0,0,0,0.88519798,0,0,0,0,0,0,0,0,0,0,0.114270529,0,0.000531491,0
Marine,Fish,112,38,14,5.428571429,0,0,0,0,0,0,0,0,0.88519798,0,0,0,0,0,0,0,0,0,0,0.114270529,0,0.000531491,0
Marine,Fish,112,18,11,5.090909091,0,0,0,0,0,0,0,0,0.88519798,0,0,0,0,0,0,0,0,0,0,0.114270529,0,0.000531491,0
Marine,Fish,112,20,13,13.69230769,0,0,0,0,0,0,0,0,0.88519798,0,0,0,0,0,0,0,0,0,0,0.114270529,0,0.000531491,0
Marine,Fish,112,28,13,5.692307692,0,0,0,0,0,0,0,0,0.88519798,0,0,0,0,0,0,0,0,0,0,0.114270529,0,0.000531491,0
Marine,Fish,112,34,14,5.428571429,0,0,0,0,0,0,0,0,0.88519798,0,0,0,0,0,0,0,0,0,0,0.114270529,0,0.000531491,0
Marine,Fish,112,36,14,11.85714286,0,0,0,0,0,0,0,0,0.88519798,0,0,0,0,0,0,0,0,0,0,0.114270529,0,0.000531491,0
Marine,Fish,112,38,14,12,0,0,0,0,0,0,0,0,0.88519798,0,0,0,0,0,0,0,0,0,0,0.114270529,0,0.000531491,0
Marine,Fish,112,26,10,5.6,0,0,0,0,0,0,0,0,0.88519798,0,0,0,0,0,0,0,0,0,0,0.114270529,0,0.000531491,0
Marine,Fish,112,28,7,8,0,0,0,0,0,0,0,0,0.88519798,0,0,0,0,0,0,0,0,0,0,0.114270529,0,0.000531491,0
Marine,Fish,112,36,14,7.857142857,0,0,0,0,0,0,0,0,0.88519798,0,0,0,0,0,0,0,0,0,0,0.114270529,0,0.000531491,0
Marine,Fish,112,38,14,17.42857143,0,0,0,0,0,0,0,0,0.88519798,0,0,0,0,0,0,0,0,0,0,0.114270529,0,0.000531491,0
Marine,Fish,112,40,13,7.846153846,0,0,0,0,0,0,0,0,0.88519798,0,0,0,0,0,0,0,0,0,0,0.114270529,0,0.000531491,0
Marine,Fish,112,24,8,5.25,0,0,0,0,0,0,0,0,0.88519798,0,0,0,0,0,0,0,0,0,0,0.114270529,0,0.000531491,0
Marine,Fish,112,26,11,5.818181818,0,0,0,0,0,0,0,0,0.88519798,0,0,0,0,0,0,0,0,0,0,0.114270529,0,0.000531491,0
Marine,Fish,112,36,13,5.692307692,0,0,0,0,0,0,0,0,0.88519798,0,0,0,0,0,0,0,0,0,0,0.114270529,0,0.000531491,0
Marine,Fish,112,38,14,15.14285714,0,0,0,0,0,0,0,0,0.88519798,0,0,0,0,0,0,0,0,0,0,0.114270529,0,0.000531491,0
Marine,Fish,112,40,14,9.857142857,0,0,0,0,0,0,0,0,0.88519798,0,0,0,0,0,0,0,0,0,0,0.114270529,0,0.000531491,0
Marine,Fish,112,14,6,5.666666667,0,0,0,0,0,0,0,0,0.88519798,0,0,0,0,0,0,0,0,0,0,0.114270529,0,0.000531491,0
Marine,Fish,112,16,10,7.4,0,0,0,0,0,0,0,0,0.88519798,0,0,0,0,0,0,0,0,0,0,0.114270529,0,0.000531491,0
Marine,Fish,112,26,13,9.384615385,0,0,0,0,0,0,0,0,0.88519798,0,0,0,0,0,0,0,0,0,0,0.114270529,0,0.000531491,0
Marine,Fish,112,38,14,8,0,0,0,0,0,0,0,0,0.88519798,0,0,0,0,0,0,0,0,0,0,0.114270529,0,0.000531491,0
Marine,Fish,112,40,14,13.42857143,0,0,0,0,0,0,0,0,0.88519798,0,0,0,0,0,0,0,0,0,0,0.114270529,0,0.000531491,0
Marine,Fish,112,16,13,5.538461538,0,0,0,0,0,0,0,0,0.88519798,0,0,0,0,0,0,0,0,0,0,0.114270529,0,0.000531491,0
Marine,Fish,112,26,9,5.333333333,0,0,0,0,0,0,0,0,0.88519798,0,0,0,0,0,0,0,0,0,0,0.114270529,0,0.000531491,0
Marine,Fish,112,38,12,5.333333333,0,0,0,0,0,0,0,0,0.88519798,0,0,0,0,0,0,0,0,0,0,0.114270529,0,0.000531491,0
Marine,Fish,112,14,6,5.666666667,0,0,0,0,0,0,0,0,0.88519798,0,0,0,0,0,0,0,0,0,0,0.114270529,0,0.000531491,0
Marine,Fish,112,38,9,5.555555556,0,0,0,0,0,0,0,0,0.88519798,0,0,0,0,0,0,0,0,0,0,0.114270529,0,0.000531491,0
Marine,Fish,112,18,8,7.5,0,0,0,0,0,0,0,0,0.88519798,0,0,0,0,0,0,0,0,0,0,0.114270529,0,0.000531491,0
Marine,Fish,112,30,6,5.333333333,0,0,0,0,0,0,0,0,0.88519798,0,0,0,0,0,0,0,0,0,0,0.114270529,0,0.000531491,0
Marine,Fish,112,10,9,5.555555556,0,0,0,0,0,0,0,0,0.88519798,0,0,0,0,0,0,0,0,0,0,0.114270529,0,0.000531491,0
Marine,Fish,112,20,11,5.272727273,0,0,0,0,0,0,0,0,0.88519798,0,0,0,0,0,0,0,0,0,0,0.114270529,0,0.000531491,0
Marine,Fish,112,18,11,7.454545455,0,0,0,0,0,0,0,0,0.88519798,0,0,0,0,0,0,0,0,0,0,0.114270529,0,0.000531491,0
Marine,Fish,112,18,9,5.555555556,0,0,0,0,0,0,0,0,0.88519798,0,0,0,0,0,0,0,0,0,0,0.114270529,0,0.000531491,0
Marine,Fish,112,42,14,5.857142857,0,0,0,0,0,0,0,0,0.88519798,0,0,0,0,0,0,0,0,0,0,0.114270529,0,0.000531491,0
Marine,Fish,112,18,7,7.428571429,0,0,0,0,0,0,0,0,0.88519798,0,0,0,0,0,0,0,0,0,0,0.114270529,0,0.000531491,0
Marine,Fish,112,44,14,5.428571429,0,0,0,0,0,0,0,0,0.88519798,0,0,0,0,0,0,0,0,0,0,0.114270529,0,0.000531491,0
Marine,Fish,112,44,14,5.428571429,0,0,0,0,0,0,0,0,0.88519798,0,0,0,0,0,0,0,0,0,0,0.114270529,0,0.000531491,0
Marine,Fish,112,46,14,7.285714286,0,0,0,0,0,0,0,0,0.88519798,0,0,0,0,0,0,0,0,0,0,0.114270529,0,0.000531491,0
Marine,Fish,112,2,6,9,0,0,0,0,0,0,0,0,0.88519798,0,0,0,0,0,0,0,0,0,0,0.114270529,0,0.000531491,0
Marine,Fish,112,46,13,7.384615385,0,0,0,0,0,0,0,0,0.88519798,0,0,0,0,0,0,0,0,0,0,0.114270529,0,0.000531491,0
Marine,Fish,112,2,7,7.428571429,0,0,0,0,0,0,0,0,0.88519798,0,0,0,0,0,0,0,0,0,0,0.114270529,0,0.000531491,0
Marine,Fish,112,2,6,5.333333333,0,0,0,0,0,0,0,0,0.88519798,0,0,0,0,0,0,0,0,0,0,0.114270529,0,0.000531491,0
Marine,Fish,119,40,25,52.4,0,0,0,0,0.017844887,0,0,0,0.975291695,0,0,0,0.006863418,0,0,0,0,0,0,0,0,0,0
Marine,Fish,119,42,12,15,0,0,0,0,0.017844887,0,0,0,0.975291695,0,0,0,0.006863418,0,0,0,0,0,0,0,0,0,0
Marine,Fish,119,40,27,55.48148148,0,0,0,0,0.017844887,0,0,0,0.975291695,0,0,0,0.006863418,0,0,0,0,0,0,0,0,0,0
Marine,Fish,119,42,31,55.22580645,0,0,0,0,0.017844887,0,0,0,0.975291695,0,0,0,0.006863418,0,0,0,0,0,0,0,0,0,0
Marine,Fish,119,44,30,40.86666667,0,0,0,0,0.017844887,0,0,0,0.975291695,0,0,0,0.006863418,0,0,0,0,0,0,0,0,0,0
Marine,Fish,119,40,26,11.30769231,0,0,0,0,0.017844887,0,0,0,0.975291695,0,0,0,0.006863418,0,0,0,0,0,0,0,0,0,0
Marine,Fish,119,42,30,53.13333333,0,0,0,0,0.017844887,0,0,0,0.975291695,0,0,0,0.006863418,0,0,0,0,0,0,0,0,0,0
Marine,Fish,119,44,30,30.73333333,0,0,0,0,0.017844887,0,0,0,0.975291695,0,0,0,0.006863418,0,0,0,0,0,0,0,0,0,0
Marine,Fish,119,42,30,44.93333333,0,0,0,0,0.017844887,0,0,0,0.975291695,0,0,0,0.006863418,0,0,0,0,0,0,0,0,0,0
Marine,Fish,119,44,30,24.93333333,0,0,0,0,0.017844887,0,0,0,0.975291695,0,0,0,0.006863418,0,0,0,0,0,0,0,0,0,0
Marine,Fish,119,42,30,47.26666667,0,0,0,0,0.017844887,0,0,0,0.975291695,0,0,0,0.006863418,0,0,0,0,0,0,0,0,0,0
Marine,Fish,119,44,30,51,0,0,0,0,0.017844887,0,0,0,0.975291695,0,0,0,0.006863418,0,0,0,0,0,0,0,0,0,0
Marine,Fish,119,46,28,9.642857143,0,0,0,0,0.017844887,0,0,0,0.975291695,0,0,0,0.006863418,0,0,0,0,0,0,0,0,0,0
Marine,Fish,119,42,30,22.2,0,0,0,0,0.017844887,0,0,0,0.975291695,0,0,0,0.006863418,0,0,0,0,0,0,0,0,0,0
Marine,Fish,119,44,30,51.13333333,0,0,0,0,0.017844887,0,0,0,0.975291695,0,0,0,0.006863418,0,0,0,0,0,0,0,0,0,0
Marine,Fish,119,46,30,23.2,0,0,0,0,0.017844887,0,0,0,0.975291695,0,0,0,0.006863418,0,0,0,0,0,0,0,0,0,0
Marine,Fish,119,44,30,36.53333333,0,0,0,0,0.017844887,0,0,0,0.975291695,0,0,0,0.006863418,0,0,0,0,0,0,0,0,0,0
Marine,Fish,121,28,7,8.285714286,0,0,0,0,0,0,0,0,1,0,0,0,0,0,0,0,0,0,0,0,0,0,0
Marine,Fish,121,0,6,22.16666667,0,0,0,0,0,0,0,0,1,0,0,0,0,0,0,0,0,0,0,0,0,0,0
Marine,Fish,121,26,7,17.28571429,0,0,0,0,0,0,0,0,1,0,0,0,0,0,0,0,0,0,0,0,0,0,0
Marine,Fish,121,26,7,7.142857143,0,0,0,0,0,0,0,0,1,0,0,0,0,0,0,0,0,0,0,0,0,0,0
Marine,Fish,121,24,7,5.428571429,0,0,0,0,0,0,0,0,1,0,0,0,0,0,0,0,0,0,0,0,0,0,0
Marine,Fish,121,22,7,6,0,0,0,0,0,0,0,0,1,0,0,0,0,0,0,0,0,0,0,0,0,0,0
Marine,Fish,121,4,6,27.33333333,0,0,0,0,0,0,0,0,1,0,0,0,0,0,0,0,0,0,0,0,0,0,0
Marine,Fish,121,6,6,20.66666667,0,0,0,0,0,0,0,0,1,0,0,0,0,0,0,0,0,0,0,0,0,0,0
Marine,Fish,121,-2,6,23.16666667,0,0,0,0,0,0,0,0,1,0,0,0,0,0,0,0,0,0,0,0,0,0,0
Marine,Fish,123,42,10,102.8,0,0,0,0.066666667,0.016161616,0,0.137373737,0,0.721212121,0,0.022222222,0,0.004040404,0,0,0,0,0.032323232,0,0,0,0,0
Marine,Fish,123,42,10,123.6,0,0,0,0.066666667,0.016161616,0,0.137373737,0,0.721212121,0,0.022222222,0,0.004040404,0,0,0,0,0.032323232,0,0,0,0,0
Marine,Fish,123,44,10,107.6,0,0,0,0.066666667,0.016161616,0,0.137373737,0,0.721212121,0,0.022222222,0,0.004040404,0,0,0,0,0.032323232,0,0,0,0,0
Marine,Fish,123,44,10,106.8,0,0,0,0.066666667,0.016161616,0,0.137373737,0,0.721212121,0,0.022222222,0,0.004040404,0,0,0,0,0.032323232,0,0,0,0,0
Marine,Fish,125,30,11,34.54545455,0,0,0,0,0,0,0,0,1,0,0,0,0,0,0,0,0,0,0,0,0,0,0
Marine,Fish,125,30,8,10.5,0,0,0,0,0,0,0,0,1,0,0,0,0,0,0,0,0,0,0,0,0,0,0
Marine,Fish,125,32,12,90.33333333,0,0,0,0,0,0,0,0,1,0,0,0,0,0,0,0,0,0,0,0,0,0,0
Marine,Fish,125,32,10,39.4,0,0,0,0,0,0,0,0,1,0,0,0,0,0,0,0,0,0,0,0,0,0,0
Marine,Fish,125,34,7,31.42857143,0,0,0,0,0,0,0,0,1,0,0,0,0,0,0,0,0,0,0,0,0,0,0
Marine,Fish,126,32,1,7,0,0,0,0,0,0,0,0,1,0,0,0,0,0,0,0,0,0,0,0,0,0,0
Marine,Fish,127,30,8,22.5,0,0,0,0,0,0,0,0,1,0,0,0,0,0,0,0,0,0,0,0,0,0,0
Marine,Fish,127,32,10,30.8,0,0,0,0,0,0,0,0,1,0,0,0,0,0,0,0,0,0,0,0,0,0,0
Marine,Fish,163,50,11,35.09090909,0,0.00411438,0.048549681,0,0,0.005965851,0.124871426,0,0.815675787,0,0.000822876,0,0,0,0,0,0,0,0,0,0,0,0
Marine,Fish,163,52,12,26.83333333,0,0.00411438,0.048549681,0,0,0.005965851,0.124871426,0,0.815675787,0,0.000822876,0,0,0,0,0,0,0,0,0,0,0,0
Marine,Fish,163,58,12,31.33333333,0,0.00411438,0.048549681,0,0,0.005965851,0.124871426,0,0.815675787,0,0.000822876,0,0,0,0,0,0,0,0,0,0,0,0
Marine,Fish,163,60,12,21.66666667,0,0.00411438,0.048549681,0,0,0.005965851,0.124871426,0,0.815675787,0,0.000822876,0,0,0,0,0,0,0,0,0,0,0,0
Marine,Fish,163,50,12,44.5,0,0.00411438,0.048549681,0,0,0.005965851,0.124871426,0,0.815675787,0,0.000822876,0,0,0,0,0,0,0,0,0,0,0,0
Marine,Fish,163,52,6,15.66666667,0,0.00411438,0.048549681,0,0,0.005965851,0.124871426,0,0.815675787,0,0.000822876,0,0,0,0,0,0,0,0,0,0,0,0
Marine,Fish,163,58,12,59.5,0,0.00411438,0.048549681,0,0,0.005965851,0.124871426,0,0.815675787,0,0.000822876,0,0,0,0,0,0,0,0,0,0,0,0
Marine,Fish,163,60,8,9.5,0,0.00411438,0.048549681,0,0,0.005965851,0.124871426,0,0.815675787,0,0.000822876,0,0,0,0,0,0,0,0,0,0,0,0
Marine,Fish,163,50,12,37.16666667,0,0.00411438,0.048549681,0,0,0.005965851,0.124871426,0,0.815675787,0,0.000822876,0,0,0,0,0,0,0,0,0,0,0,0
Marine,Fish,163,52,12,48.33333333,0,0.00411438,0.048549681,0,0,0.005965851,0.124871426,0,0.815675787,0,0.000822876,0,0,0,0,0,0,0,0,0,0,0,0
Marine,Fish,163,56,12,29,0,0.00411438,0.048549681,0,0,0.005965851,0.124871426,0,0.815675787,0,0.000822876,0,0,0,0,0,0,0,0,0,0,0,0
Marine,Fish,163,58,12,58.66666667,0,0.00411438,0.048549681,0,0,0.005965851,0.124871426,0,0.815675787,0,0.000822876,0,0,0,0,0,0,0,0,0,0,0,0
Marine,Fish,163,60,6,13,0,0.00411438,0.048549681,0,0,0.005965851,0.124871426,0,0.815675787,0,0.000822876,0,0,0,0,0,0,0,0,0,0,0,0
Marine,Fish,163,50,12,22.83333333,0,0.00411438,0.048549681,0,0,0.005965851,0.124871426,0,0.815675787,0,0.000822876,0,0,0,0,0,0,0,0,0,0,0,0
Marine,Fish,163,52,12,50.83333333,0,0.00411438,0.048549681,0,0,0.005965851,0.124871426,0,0.815675787,0,0.000822876,0,0,0,0,0,0,0,0,0,0,0,0
Marine,Fish,163,56,12,63.66666667,0,0.00411438,0.048549681,0,0,0.005965851,0.124871426,0,0.815675787,0,0.000822876,0,0,0,0,0,0,0,0,0,0,0,0
Marine,Fish,163,58,12,42,0,0.00411438,0.048549681,0,0,0.005965851,0.124871426,0,0.815675787,0,0.000822876,0,0,0,0,0,0,0,0,0,0,0,0
Marine,Fish,163,60,9,9.777777778,0,0.00411438,0.048549681,0,0,0.005965851,0.124871426,0,0.815675787,0,0.000822876,0,0,0,0,0,0,0,0,0,0,0,0
Marine,Fish,163,50,12,23.33333333,0,0.00411438,0.048549681,0,0,0.005965851,0.124871426,0,0.815675787,0,0.000822876,0,0,0,0,0,0,0,0,0,0,0,0
Marine,Fish,163,52,11,14.72727273,0,0.00411438,0.048549681,0,0,0.005965851,0.124871426,0,0.815675787,0,0.000822876,0,0,0,0,0,0,0,0,0,0,0,0
Marine,Fish,163,54,12,10,0,0.00411438,0.048549681,0,0,0.005965851,0.124871426,0,0.815675787,0,0.000822876,0,0,0,0,0,0,0,0,0,0,0,0
Marine,Fish,163,56,12,60.16666667,0,0.00411438,0.048549681,0,0,0.005965851,0.124871426,0,0.815675787,0,0.000822876,0,0,0,0,0,0,0,0,0,0,0,0
Marine,Fish,163,58,9,19.11111111,0,0.00411438,0.048549681,0,0,0.005965851,0.124871426,0,0.815675787,0,0.000822876,0,0,0,0,0,0,0,0,0,0,0,0
Marine,Fish,163,52,12,24.33333333,0,0.00411438,0.048549681,0,0,0.005965851,0.124871426,0,0.815675787,0,0.000822876,0,0,0,0,0,0,0,0,0,0,0,0
Marine,Fish,163,54,12,54,0,0.00411438,0.048549681,0,0,0.005965851,0.124871426,0,0.815675787,0,0.000822876,0,0,0,0,0,0,0,0,0,0,0,0
Marine,Fish,163,56,12,68.83333333,0,0.00411438,0.048549681,0,0,0.005965851,0.124871426,0,0.815675787,0,0.000822876,0,0,0,0,0,0,0,0,0,0,0,0
Marine,Fish,163,58,11,20.54545455,0,0.00411438,0.048549681,0,0,0.005965851,0.124871426,0,0.815675787,0,0.000822876,0,0,0,0,0,0,0,0,0,0,0,0
Marine,Fish,163,52,12,34.5,0,0.00411438,0.048549681,0,0,0.005965851,0.124871426,0,0.815675787,0,0.000822876,0,0,0,0,0,0,0,0,0,0,0,0
Marine,Fish,163,54,12,63.33333333,0,0.00411438,0.048549681,0,0,0.005965851,0.124871426,0,0.815675787,0,0.000822876,0,0,0,0,0,0,0,0,0,0,0,0
Marine,Fish,163,56,12,67.83333333,0,0.00411438,0.048549681,0,0,0.005965851,0.124871426,0,0.815675787,0,0.000822876,0,0,0,0,0,0,0,0,0,0,0,0
Marine,Fish,163,58,12,21.16666667,0,0.00411438,0.048549681,0,0,0.005965851,0.124871426,0,0.815675787,0,0.000822876,0,0,0,0,0,0,0,0,0,0,0,0
Marine,Fish,163,52,12,35.83333333,0,0.00411438,0.048549681,0,0,0.005965851,0.124871426,0,0.815675787,0,0.000822876,0,0,0,0,0,0,0,0,0,0,0,0
Marine,Fish,163,54,12,111.5,0,0.00411438,0.048549681,0,0,0.005965851,0.124871426,0,0.815675787,0,0.000822876,0,0,0,0,0,0,0,0,0,0,0,0
Marine,Fish,163,56,12,63.5,0,0.00411438,0.048549681,0,0,0.005965851,0.124871426,0,0.815675787,0,0.000822876,0,0,0,0,0,0,0,0,0,0,0,0
Marine,Fish,163,58,12,27.5,0,0.00411438,0.048549681,0,0,0.005965851,0.124871426,0,0.815675787,0,0.000822876,0,0,0,0,0,0,0,0,0,0,0,0
Marine,Fish,163,52,11,22.36363636,0,0.00411438,0.048549681,0,0,0.005965851,0.124871426,0,0.815675787,0,0.000822876,0,0,0,0,0,0,0,0,0,0,0,0
Marine,Fish,163,54,12,73.33333333,0,0.00411438,0.048549681,0,0,0.005965851,0.124871426,0,0.815675787,0,0.000822876,0,0,0,0,0,0,0,0,0,0,0,0
Marine,Fish,163,56,12,33,0,0.00411438,0.048549681,0,0,0.005965851,0.124871426,0,0.815675787,0,0.000822876,0,0,0,0,0,0,0,0,0,0,0,0
Marine,Fish,163,58,12,19.33333333,0,0.00411438,0.048549681,0,0,0.005965851,0.124871426,0,0.815675787,0,0.000822876,0,0,0,0,0,0,0,0,0,0,0,0
Marine,Fish,163,54,12,46.66666667,0,0.00411438,0.048549681,0,0,0.005965851,0.124871426,0,0.815675787,0,0.000822876,0,0,0,0,0,0,0,0,0,0,0,0
Marine,Fish,163,54,12,43.83333333,0,0.00411438,0.048549681,0,0,0.005965851,0.124871426,0,0.815675787,0,0.000822876,0,0,0,0,0,0,0,0,0,0,0,0
Marine,Fish,163,54,12,32,0,0.00411438,0.048549681,0,0,0.005965851,0.124871426,0,0.815675787,0,0.000822876,0,0,0,0,0,0,0,0,0,0,0,0
Marine,Fish,163,54,12,37.66666667,0,0.00411438,0.048549681,0,0,0.005965851,0.124871426,0,0.815675787,0,0.000822876,0,0,0,0,0,0,0,0,0,0,0,0
Marine,Fish,163,56,12,50.33333333,0,0.00411438,0.048549681,0,0,0.005965851,0.124871426,0,0.815675787,0,0.000822876,0,0,0,0,0,0,0,0,0,0,0,0
Marine,Fish,163,54,12,24.33333333,0,0.00411438,0.048549681,0,0,0.005965851,0.124871426,0,0.815675787,0,0.000822876,0,0,0,0,0,0,0,0,0,0,0,0
Marine,Fish,163,56,12,75.83333333,0,0.00411438,0.048549681,0,0,0.005965851,0.124871426,0,0.815675787,0,0.000822876,0,0,0,0,0,0,0,0,0,0,0,0
Marine,Fish,163,58,12,30.16666667,0,0.00411438,0.048549681,0,0,0.005965851,0.124871426,0,0.815675787,0,0.000822876,0,0,0,0,0,0,0,0,0,0,0,0
Marine,Fish,163,56,12,58.83333333,0,0.00411438,0.048549681,0,0,0.005965851,0.124871426,0,0.815675787,0,0.000822876,0,0,0,0,0,0,0,0,0,0,0,0
Marine,Fish,163,58,12,42.83333333,0,0.00411438,0.048549681,0,0,0.005965851,0.124871426,0,0.815675787,0,0.000822876,0,0,0,0,0,0,0,0,0,0,0,0
Marine,Fish,163,56,12,39,0,0.00411438,0.048549681,0,0,0.005965851,0.124871426,0,0.815675787,0,0.000822876,0,0,0,0,0,0,0,0,0,0,0,0
Marine,Fish,163,58,12,53,0,0.00411438,0.048549681,0,0,0.005965851,0.124871426,0,0.815675787,0,0.000822876,0,0,0,0,0,0,0,0,0,0,0,0
Marine,Fish,163,58,12,22.5,0,0.00411438,0.048549681,0,0,0.005965851,0.124871426,0,0.815675787,0,0.000822876,0,0,0,0,0,0,0,0,0,0,0,0
Marine,Fish,163,58,12,16.66666667,0,0.00411438,0.048549681,0,0,0.005965851,0.124871426,0,0.815675787,0,0.000822876,0,0,0,0,0,0,0,0,0,0,0,0
Marine,Fish,163,58,12,18,0,0.00411438,0.048549681,0,0,0.005965851,0.124871426,0,0.815675787,0,0.000822876,0,0,0,0,0,0,0,0,0,0,0,0
Marine,Fish,163,58,12,17.5,0,0.00411438,0.048549681,0,0,0.005965851,0.124871426,0,0.815675787,0,0.000822876,0,0,0,0,0,0,0,0,0,0,0,0
Marine,Fish,163,58,8,11.75,0,0.00411438,0.048549681,0,0,0.005965851,0.124871426,0,0.815675787,0,0.000822876,0,0,0,0,0,0,0,0,0,0,0,0
Marine,Fish,163,56,11,24.72727273,0,0.00411438,0.048549681,0,0,0.005965851,0.124871426,0,0.815675787,0,0.000822876,0,0,0,0,0,0,0,0,0,0,0,0
Marine,Fish,163,56,9,19.55555556,0,0.00411438,0.048549681,0,0,0.005965851,0.124871426,0,0.815675787,0,0.000822876,0,0,0,0,0,0,0,0,0,0,0,0
Marine,Fish,163,52,9,12.66666667,0,0.00411438,0.048549681,0,0,0.005965851,0.124871426,0,0.815675787,0,0.000822876,0,0,0,0,0,0,0,0,0,0,0,0
Marine,Fish,163,50,11,26.18181818,0,0.00411438,0.048549681,0,0,0.005965851,0.124871426,0,0.815675787,0,0.000822876,0,0,0,0,0,0,0,0,0,0,0,0
Marine,Fish,163,52,12,30.16666667,0,0.00411438,0.048549681,0,0,0.005965851,0.124871426,0,0.815675787,0,0.000822876,0,0,0,0,0,0,0,0,0,0,0,0
Marine,Fish,163,50,12,29.16666667,0,0.00411438,0.048549681,0,0,0.005965851,0.124871426,0,0.815675787,0,0.000822876,0,0,0,0,0,0,0,0,0,0,0,0
Marine,Fish,163,52,11,19.45454545,0,0.00411438,0.048549681,0,0,0.005965851,0.124871426,0,0.815675787,0,0.000822876,0,0,0,0,0,0,0,0,0,0,0,0
Marine,Fish,163,50,12,33,0,0.00411438,0.048549681,0,0,0.005965851,0.124871426,0,0.815675787,0,0.000822876,0,0,0,0,0,0,0,0,0,0,0,0
Marine,Fish,163,52,6,14,0,0.00411438,0.048549681,0,0,0.005965851,0.124871426,0,0.815675787,0,0.000822876,0,0,0,0,0,0,0,0,0,0,0,0
Marine,Fish,178,54,10,12,0,0,0.000902527,0.016245487,0.040613718,0.00631769,0.25,0,0.608303249,0,0.011732852,0,0,0,0,0,0,0.065884477,0,0,0,0,0
Marine,Fish,178,50,19,17.10526316,0,0,0.000902527,0.016245487,0.040613718,0.00631769,0.25,0,0.608303249,0,0.011732852,0,0,0,0,0,0,0.065884477,0,0,0,0,0
Marine,Fish,178,52,15,11.73333333,0,0,0.000902527,0.016245487,0.040613718,0.00631769,0.25,0,0.608303249,0,0.011732852,0,0,0,0,0,0,0.065884477,0,0,0,0,0
Marine,Fish,178,48,26,28.69230769,0,0,0.000902527,0.016245487,0.040613718,0.00631769,0.25,0,0.608303249,0,0.011732852,0,0,0,0,0,0,0.065884477,0,0,0,0,0
Marine,Fish,178,50,13,12.76923077,0,0,0.000902527,0.016245487,0.040613718,0.00631769,0.25,0,0.608303249,0,0.011732852,0,0,0,0,0,0,0.065884477,0,0,0,0,0
Marine,Fish,178,48,15,17.93333333,0,0,0.000902527,0.016245487,0.040613718,0.00631769,0.25,0,0.608303249,0,0.011732852,0,0,0,0,0,0,0.065884477,0,0,0,0,0
Marine,Fish,178,50,6,10.33333333,0,0,0.000902527,0.016245487,0.040613718,0.00631769,0.25,0,0.608303249,0,0.011732852,0,0,0,0,0,0,0.065884477,0,0,0,0,0
Marine,Fish,178,48,11,25.63636364,0,0,0.000902527,0.016245487,0.040613718,0.00631769,0.25,0,0.608303249,0,0.011732852,0,0,0,0,0,0,0.065884477,0,0,0,0,0
Marine,Fish,180,34,15,10.86666667,0,0,0,0,0.012027192,0,0.008192435,0,0.979780373,0,0,0,0,0,0,0,0,0,0,0,0,0,0
Marine,Fish,180,36,15,54.8,0,0,0,0,0.012027192,0,0.008192435,0,0.979780373,0,0,0,0,0,0,0,0,0,0,0,0,0,0
Marine,Fish,180,38,15,26.73333333,0,0,0,0,0.012027192,0,0.008192435,0,0.979780373,0,0,0,0,0,0,0,0,0,0,0,0,0,0
Marine,Fish,180,38,15,52.33333333,0,0,0,0,0.012027192,0,0.008192435,0,0.979780373,0,0,0,0,0,0,0,0,0,0,0,0,0,0
Marine,Fish,180,40,15,36.73333333,0,0,0,0,0.012027192,0,0.008192435,0,0.979780373,0,0,0,0,0,0,0,0,0,0,0,0,0,0
Marine,Fish,180,38,15,16.53333333,0,0,0,0,0.012027192,0,0.008192435,0,0.979780373,0,0,0,0,0,0,0,0,0,0,0,0,0,0
Marine,Fish,180,40,15,53.66666667,0,0,0,0,0.012027192,0,0.008192435,0,0.979780373,0,0,0,0,0,0,0,0,0,0,0,0,0,0
Marine,Fish,180,42,15,35.66666667,0,0,0,0,0.012027192,0,0.008192435,0,0.979780373,0,0,0,0,0,0,0,0,0,0,0,0,0,0
Marine,Fish,180,38,13,8.384615385,0,0,0,0,0.012027192,0,0.008192435,0,0.979780373,0,0,0,0,0,0,0,0,0,0,0,0,0,0
Marine,Fish,180,40,15,56.06666667,0,0,0,0,0.012027192,0,0.008192435,0,0.979780373,0,0,0,0,0,0,0,0,0,0,0,0,0,0
Marine,Fish,180,42,15,33.66666667,0,0,0,0,0.012027192,0,0.008192435,0,0.979780373,0,0,0,0,0,0,0,0,0,0,0,0,0,0
Marine,Fish,180,44,9,9.333333333,0,0,0,0,0.012027192,0,0.008192435,0,0.979780373,0,0,0,0,0,0,0,0,0,0,0,0,0,0
Marine,Fish,180,48,7,10.71428571,0,0,0,0,0.012027192,0,0.008192435,0,0.979780373,0,0,0,0,0,0,0,0,0,0,0,0,0,0
Marine,Fish,180,40,15,46.86666667,0,0,0,0,0.012027192,0,0.008192435,0,0.979780373,0,0,0,0,0,0,0,0,0,0,0,0,0,0
Marine,Fish,180,42,15,46.33333333,0,0,0,0,0.012027192,0,0.008192435,0,0.979780373,0,0,0,0,0,0,0,0,0,0,0,0,0,0
Marine,Fish,180,44,15,34.33333333,0,0,0,0,0.012027192,0,0.008192435,0,0.979780373,0,0,0,0,0,0,0,0,0,0,0,0,0,0
Marine,Fish,180,48,14,8.571428571,0,0,0,0,0.012027192,0,0.008192435,0,0.979780373,0,0,0,0,0,0,0,0,0,0,0,0,0,0
Marine,Fish,180,40,15,17.73333333,0,0,0,0,0.012027192,0,0.008192435,0,0.979780373,0,0,0,0,0,0,0,0,0,0,0,0,0,0
Marine,Fish,180,42,15,37.13333333,0,0,0,0,0.012027192,0,0.008192435,0,0.979780373,0,0,0,0,0,0,0,0,0,0,0,0,0,0
Marine,Fish,180,44,15,11.4,0,0,0,0,0.012027192,0,0.008192435,0,0.979780373,0,0,0,0,0,0,0,0,0,0,0,0,0,0
Marine,Fish,180,46,15,12.73333333,0,0,0,0,0.012027192,0,0.008192435,0,0.979780373,0,0,0,0,0,0,0,0,0,0,0,0,0,0
Marine,Fish,180,48,15,9.533333333,0,0,0,0,0.012027192,0,0.008192435,0,0.979780373,0,0,0,0,0,0,0,0,0,0,0,0,0,0
Marine,Fish,180,42,15,31.26666667,0,0,0,0,0.012027192,0,0.008192435,0,0.979780373,0,0,0,0,0,0,0,0,0,0,0,0,0,0
Marine,Fish,180,44,15,15.53333333,0,0,0,0,0.012027192,0,0.008192435,0,0.979780373,0,0,0,0,0,0,0,0,0,0,0,0,0,0
Marine,Fish,180,48,15,12.86666667,0,0,0,0,0.012027192,0,0.008192435,0,0.979780373,0,0,0,0,0,0,0,0,0,0,0,0,0,0
Marine,Fish,180,60,4,6,0,0,0,0,0.012027192,0,0.008192435,0,0.979780373,0,0,0,0,0,0,0,0,0,0,0,0,0,0
Marine,Fish,180,42,15,23.53333333,0,0,0,0,0.012027192,0,0.008192435,0,0.979780373,0,0,0,0,0,0,0,0,0,0,0,0,0,0
Marine,Fish,180,44,15,26,0,0,0,0,0.012027192,0,0.008192435,0,0.979780373,0,0,0,0,0,0,0,0,0,0,0,0,0,0
Marine,Fish,180,46,15,16.73333333,0,0,0,0,0.012027192,0,0.008192435,0,0.979780373,0,0,0,0,0,0,0,0,0,0,0,0,0,0
Marine,Fish,180,48,14,12,0,0,0,0,0.012027192,0,0.008192435,0,0.979780373,0,0,0,0,0,0,0,0,0,0,0,0,0,0
Marine,Fish,180,56,4,8.25,0,0,0,0,0.012027192,0,0.008192435,0,0.979780373,0,0,0,0,0,0,0,0,0,0,0,0,0,0
Marine,Fish,180,58,4,11,0,0,0,0,0.012027192,0,0.008192435,0,0.979780373,0,0,0,0,0,0,0,0,0,0,0,0,0,0
Marine,Fish,180,60,4,8,0,0,0,0,0.012027192,0,0.008192435,0,0.979780373,0,0,0,0,0,0,0,0,0,0,0,0,0,0
Marine,Fish,180,42,15,16.06666667,0,0,0,0,0.012027192,0,0.008192435,0,0.979780373,0,0,0,0,0,0,0,0,0,0,0,0,0,0
Marine,Fish,180,44,15,24.66666667,0,0,0,0,0.012027192,0,0.008192435,0,0.979780373,0,0,0,0,0,0,0,0,0,0,0,0,0,0
Marine,Fish,180,46,15,21.53333333,0,0,0,0,0.012027192,0,0.008192435,0,0.979780373,0,0,0,0,0,0,0,0,0,0,0,0,0,0
Marine,Fish,180,48,14,22.5,0,0,0,0,0.012027192,0,0.008192435,0,0.979780373,0,0,0,0,0,0,0,0,0,0,0,0,0,0
Marine,Fish,180,50,14,8.785714286,0,0,0,0,0.012027192,0,0.008192435,0,0.979780373,0,0,0,0,0,0,0,0,0,0,0,0,0,0
Marine,Fish,180,54,4,8.75,0,0,0,0,0.012027192,0,0.008192435,0,0.979780373,0,0,0,0,0,0,0,0,0,0,0,0,0,0
Marine,Fish,180,56,4,19.75,0,0,0,0,0.012027192,0,0.008192435,0,0.979780373,0,0,0,0,0,0,0,0,0,0,0,0,0,0
Marine,Fish,180,58,4,5.25,0,0,0,0,0.012027192,0,0.008192435,0,0.979780373,0,0,0,0,0,0,0,0,0,0,0,0,0,0
Marine,Fish,180,44,15,20.66666667,0,0,0,0,0.012027192,0,0.008192435,0,0.979780373,0,0,0,0,0,0,0,0,0,0,0,0,0,0
Marine,Fish,180,46,15,17.73333333,0,0,0,0,0.012027192,0,0.008192435,0,0.979780373,0,0,0,0,0,0,0,0,0,0,0,0,0,0
Marine,Fish,180,50,14,8.357142857,0,0,0,0,0.012027192,0,0.008192435,0,0.979780373,0,0,0,0,0,0,0,0,0,0,0,0,0,0
Marine,Fish,180,54,15,8.533333333,0,0,0,0,0.012027192,0,0.008192435,0,0.979780373,0,0,0,0,0,0,0,0,0,0,0,0,0,0
Marine,Fish,180,56,4,8.5,0,0,0,0,0.012027192,0,0.008192435,0,0.979780373,0,0,0,0,0,0,0,0,0,0,0,0,0,0
Marine,Fish,180,44,15,17.73333333,0,0,0,0,0.012027192,0,0.008192435,0,0.979780373,0,0,0,0,0,0,0,0,0,0,0,0,0,0
Marine,Fish,180,50,15,9,0,0,0,0,0.012027192,0,0.008192435,0,0.979780373,0,0,0,0,0,0,0,0,0,0,0,0,0,0
Marine,Fish,180,52,15,10.33333333,0,0,0,0,0.012027192,0,0.008192435,0,0.979780373,0,0,0,0,0,0,0,0,0,0,0,0,0,0
Marine,Fish,180,54,15,13.33333333,0,0,0,0,0.012027192,0,0.008192435,0,0.979780373,0,0,0,0,0,0,0,0,0,0,0,0,0,0
Marine,Fish,180,42,15,14,0,0,0,0,0.012027192,0,0.008192435,0,0.979780373,0,0,0,0,0,0,0,0,0,0,0,0,0,0
Marine,Fish,180,44,15,17.26666667,0,0,0,0,0.012027192,0,0.008192435,0,0.979780373,0,0,0,0,0,0,0,0,0,0,0,0,0,0
Marine,Fish,180,46,16,5.75,0,0,0,0,0.012027192,0,0.008192435,0,0.979780373,0,0,0,0,0,0,0,0,0,0,0,0,0,0
Marine,Fish,180,48,15,10.6,0,0,0,0,0.012027192,0,0.008192435,0,0.979780373,0,0,0,0,0,0,0,0,0,0,0,0,0,0
Marine,Fish,180,50,15,12.73333333,0,0,0,0,0.012027192,0,0.008192435,0,0.979780373,0,0,0,0,0,0,0,0,0,0,0,0,0,0
Marine,Fish,180,52,15,16.4,0,0,0,0,0.012027192,0,0.008192435,0,0.979780373,0,0,0,0,0,0,0,0,0,0,0,0,0,0
Marine,Fish,180,54,15,13.4,0,0,0,0,0.012027192,0,0.008192435,0,0.979780373,0,0,0,0,0,0,0,0,0,0,0,0,0,0
Marine,Fish,180,42,15,11.73333333,0,0,0,0,0.012027192,0,0.008192435,0,0.979780373,0,0,0,0,0,0,0,0,0,0,0,0,0,0
Marine,Fish,180,44,15,6.8,0,0,0,0,0.012027192,0,0.008192435,0,0.979780373,0,0,0,0,0,0,0,0,0,0,0,0,0,0
Marine,Fish,180,46,15,6.866666667,0,0,0,0,0.012027192,0,0.008192435,0,0.979780373,0,0,0,0,0,0,0,0,0,0,0,0,0,0
Marine,Fish,180,48,15,14.93333333,0,0,0,0,0.012027192,0,0.008192435,0,0.979780373,0,0,0,0,0,0,0,0,0,0,0,0,0,0
Marine,Fish,180,50,15,13.93333333,0,0,0,0,0.012027192,0,0.008192435,0,0.979780373,0,0,0,0,0,0,0,0,0,0,0,0,0,0
Marine,Fish,180,52,15,11.6,0,0,0,0,0.012027192,0,0.008192435,0,0.979780373,0,0,0,0,0,0,0,0,0,0,0,0,0,0
Marine,Fish,180,42,14,7,0,0,0,0,0.012027192,0,0.008192435,0,0.979780373,0,0,0,0,0,0,0,0,0,0,0,0,0,0
Marine,Fish,180,44,16,8.125,0,0,0,0,0.012027192,0,0.008192435,0,0.979780373,0,0,0,0,0,0,0,0,0,0,0,0,0,0
Marine,Fish,180,46,15,9.666666667,0,0,0,0,0.012027192,0,0.008192435,0,0.979780373,0,0,0,0,0,0,0,0,0,0,0,0,0,0
Marine,Fish,180,48,15,11,0,0,0,0,0.012027192,0,0.008192435,0,0.979780373,0,0,0,0,0,0,0,0,0,0,0,0,0,0
Marine,Fish,180,46,16,8.5,0,0,0,0,0.012027192,0,0.008192435,0,0.979780373,0,0,0,0,0,0,0,0,0,0,0,0,0,0
Marine,Fish,180,48,10,7.7,0,0,0,0,0.012027192,0,0.008192435,0,0.979780373,0,0,0,0,0,0,0,0,0,0,0,0,0,0
Marine,Fish,180,46,6,12,0,0,0,0,0.012027192,0,0.008192435,0,0.979780373,0,0,0,0,0,0,0,0,0,0,0,0,0,0
Marine,Fish,180,48,6,7.333333333,0,0,0,0,0.012027192,0,0.008192435,0,0.979780373,0,0,0,0,0,0,0,0,0,0,0,0,0,0
Marine,Fish,180,46,6,6.333333333,0,0,0,0,0.012027192,0,0.008192435,0,0.979780373,0,0,0,0,0,0,0,0,0,0,0,0,0,0
Marine,Fish,182,48,21,7.19047619,0,0.033018868,0,0.066037736,0,0,0.113207547,0,0.589622642,0,0,0,0,0,0.033018868,0,0,0.16509434,0,0,0,0,0
Marine,Fish,182,46,21,11.71428571,0,0.033018868,0,0.066037736,0,0,0.113207547,0,0.589622642,0,0,0,0,0,0.033018868,0,0,0.16509434,0,0,0,0,0
Marine,Fish,182,48,21,11.61904762,0,0.033018868,0,0.066037736,0,0,0.113207547,0,0.589622642,0,0,0,0,0,0.033018868,0,0,0.16509434,0,0,0,0,0
Marine,Fish,182,46,22,9.136363636,0,0.033018868,0,0.066037736,0,0,0.113207547,0,0.589622642,0,0,0,0,0,0.033018868,0,0,0.16509434,0,0,0,0,0
Marine,Fish,182,48,14,11.21428571,0,0.033018868,0,0.066037736,0,0,0.113207547,0,0.589622642,0,0,0,0,0,0.033018868,0,0,0.16509434,0,0,0,0,0
Marine,Fish,189,18,10,162.3,0,0,0,0,0,0,0,0,1,0,0,0,0,0,0,0,0,0,0,0,0,0,0
Marine,Fish,190,16,10,150,0,0,0,0,0,0,0,0,1,0,0,0,0,0,0,0,0,0,0,0,0,0,0
Marine,Fish,211,32,8,72,0,0,0,0,0,0,0,0,1,0,0,0,0,0,0,0,0,0,0,0,0,0,0
Marine,Fish,212,28,1,166,0,0,0,0,0,0,0,0,0.998073218,0,0,0,0,0,0,0,0,0,0,0,0,0.001926782,0
Marine,Fish,212,30,1,124,0,0,0,0,0,0,0,0,0.998073218,0,0,0,0,0,0,0,0,0,0,0,0,0.001926782,0
Marine,Fish,212,30,1,48,0,0,0,0,0,0,0,0,0.998073218,0,0,0,0,0,0,0,0,0,0,0,0,0.001926782,0
Marine,Fish,212,32,1,262,0,0,0,0,0,0,0,0,0.998073218,0,0,0,0,0,0,0,0,0,0,0,0,0.001926782,0
Marine,Fish,212,32,1,66,0,0,0,0,0,0,0,0,0.998073218,0,0,0,0,0,0,0,0,0,0,0,0,0.001926782,0
Marine,Fish,213,32,4,100.5,0,0,0,0.005935645,0.027491409,0,0.045142143,0,0.915026554,0,0.000156201,0,0.002186817,0,0,0,0,0.001874414,0,0.002186817,0,0,0
Marine,Fish,213,32,6,54.33333333,0,0,0,0.005935645,0.027491409,0,0.045142143,0,0.915026554,0,0.000156201,0,0.002186817,0,0,0,0,0.001874414,0,0.002186817,0,0,0
Marine,Fish,213,34,19,8.684210526,0,0,0,0.005935645,0.027491409,0,0.045142143,0,0.915026554,0,0.000156201,0,0.002186817,0,0,0,0,0.001874414,0,0.002186817,0,0,0
Marine,Fish,213,34,29,138,0,0,0,0.005935645,0.027491409,0,0.045142143,0,0.915026554,0,0.000156201,0,0.002186817,0,0,0,0,0.001874414,0,0.002186817,0,0,0
Marine,Fish,213,36,29,204.3103448,0,0,0,0.005935645,0.027491409,0,0.045142143,0,0.915026554,0,0.000156201,0,0.002186817,0,0,0,0,0.001874414,0,0.002186817,0,0,0
Marine,Fish,213,38,29,147.6206897,0,0,0,0.005935645,0.027491409,0,0.045142143,0,0.915026554,0,0.000156201,0,0.002186817,0,0,0,0,0.001874414,0,0.002186817,0,0,0
Marine,Fish,213,38,29,120.8965517,0,0,0,0.005935645,0.027491409,0,0.045142143,0,0.915026554,0,0.000156201,0,0.002186817,0,0,0,0,0.001874414,0,0.002186817,0,0,0
Marine,Fish,213,40,29,103.8275862,0,0,0,0.005935645,0.027491409,0,0.045142143,0,0.915026554,0,0.000156201,0,0.002186817,0,0,0,0,0.001874414,0,0.002186817,0,0,0
Marine,Fish,213,38,29,43.89655172,0,0,0,0.005935645,0.027491409,0,0.045142143,0,0.915026554,0,0.000156201,0,0.002186817,0,0,0,0,0.001874414,0,0.002186817,0,0,0
Marine,Fish,213,40,29,127.9310345,0,0,0,0.005935645,0.027491409,0,0.045142143,0,0.915026554,0,0.000156201,0,0.002186817,0,0,0,0,0.001874414,0,0.002186817,0,0,0
Marine,Fish,213,42,29,85.06896552,0,0,0,0.005935645,0.027491409,0,0.045142143,0,0.915026554,0,0.000156201,0,0.002186817,0,0,0,0,0.001874414,0,0.002186817,0,0,0
Marine,Fish,213,38,28,13.85714286,0,0,0,0.005935645,0.027491409,0,0.045142143,0,0.915026554,0,0.000156201,0,0.002186817,0,0,0,0,0.001874414,0,0.002186817,0,0,0
Marine,Fish,213,40,29,118.9655172,0,0,0,0.005935645,0.027491409,0,0.045142143,0,0.915026554,0,0.000156201,0,0.002186817,0,0,0,0,0.001874414,0,0.002186817,0,0,0
Marine,Fish,213,42,29,67.17241379,0,0,0,0.005935645,0.027491409,0,0.045142143,0,0.915026554,0,0.000156201,0,0.002186817,0,0,0,0,0.001874414,0,0.002186817,0,0,0
Marine,Fish,213,44,20,10.9,0,0,0,0.005935645,0.027491409,0,0.045142143,0,0.915026554,0,0.000156201,0,0.002186817,0,0,0,0,0.001874414,0,0.002186817,0,0,0
Marine,Fish,213,40,29,87.75862069,0,0,0,0.005935645,0.027491409,0,0.045142143,0,0.915026554,0,0.000156201,0,0.002186817,0,0,0,0,0.001874414,0,0.002186817,0,0,0
Marine,Fish,213,42,29,82.34482759,0,0,0,0.005935645,0.027491409,0,0.045142143,0,0.915026554,0,0.000156201,0,0.002186817,0,0,0,0,0.001874414,0,0.002186817,0,0,0
Marine,Fish,213,44,29,51.17241379,0,0,0,0.005935645,0.027491409,0,0.045142143,0,0.915026554,0,0.000156201,0,0.002186817,0,0,0,0,0.001874414,0,0.002186817,0,0,0
Marine,Fish,213,40,29,23.96551724,0,0,0,0.005935645,0.027491409,0,0.045142143,0,0.915026554,0,0.000156201,0,0.002186817,0,0,0,0,0.001874414,0,0.002186817,0,0,0
Marine,Fish,213,42,26,13.5,0,0,0,0.005935645,0.027491409,0,0.045142143,0,0.915026554,0,0.000156201,0,0.002186817,0,0,0,0,0.001874414,0,0.002186817,0,0,0
Marine,Fish,231,24,6,18.83333333,0,0,0,0,0,0,0.074074074,0,0.851851852,0,0.037037037,0,0,0,0,0,0,0,0,0,0.037037037,0,0
Marine,Fish,232,-54,6,4.666666667,0,0,0,0,0,0,0,0,1,0,0,0,0,0,0,0,0,0,0,0,0,0,0
Marine,Fish,246,24,15,18.2,0,0,0,0,0,0,0,0,1,0,0,0,0,0,0,0,0,0,0,0,0,0,0
Marine,Fish,252,30,9,21.77777778,0,0,0,0,0,0,0,0,1,0,0,0,0,0,0,0,0,0,0,0,0,0,0
Marine,Fish,252,32,10,39.2,0,0,0,0,0,0,0,0,1,0,0,0,0,0,0,0,0,0,0,0,0,0,0
Marine,Fish,271,34,15,8.466666667,0,0,0,0,0,0,0,0,1,0,0,0,0,0,0,0,0,0,0,0,0,0,0
Marine,Fish,271,34,15,19.06666667,0,0,0,0,0,0,0,0,1,0,0,0,0,0,0,0,0,0,0,0,0,0,0
Marine,Fish,288,44,17,5.529411765,0,0,0,0,0.016478751,0,0,0,0.979184735,0,0,0,0.004336513,0,0,0,0,0,0,0,0,0,0
Marine,Fish,288,44,18,9,0,0,0,0,0.016478751,0,0,0,0.979184735,0,0,0,0.004336513,0,0,0,0,0,0,0,0,0,0
Marine,Fish,290,-20,4,10,0,0,0,0,0.003663004,0,0.080847724,0,0.915489273,0,0,0,0,0,0,0,0,0,0,0,0,0,0
Marine,Fish,291,-20,6,5.5,0,0,0,0,0.00222788,0,0.004774029,0,0.99299809,0,0,0,0,0,0,0,0,0,0,0,0,0,0
Marine,Fish,295,-34,8,115.75,0,0,0,0,0,0,0,0,1,0,0,0,0,0,0,0,0,0,0,0,0,0,0
Marine,Fish,295,-32,8,80.25,0,0,0,0,0,0,0,0,1,0,0,0,0,0,0,0,0,0,0,0,0,0,0
Marine,Fish,295,-34,9,66.22222222,0,0,0,0,0,0,0,0,1,0,0,0,0,0,0,0,0,0,0,0,0,0,0
Marine,Fish,295,-34,9,116.6666667,0,0,0,0,0,0,0,0,1,0,0,0,0,0,0,0,0,0,0,0,0,0,0
Marine,Fish,296,-34,8,16.375,0,0,0,0,0.04,0,0.018666667,0,0.501333333,0,0.229333333,0,0,0,0,0,0,0.210666667,0,0,0,0,0
Marine,Fish,296,-32,8,17.375,0,0,0,0,0.04,0,0.018666667,0,0.501333333,0,0.229333333,0,0,0,0,0,0,0.210666667,0,0,0,0,0
Marine,Fish,296,-34,9,27.33333333,0,0,0,0,0.04,0,0.018666667,0,0.501333333,0,0.229333333,0,0,0,0,0,0,0.210666667,0,0,0,0,0
Marine,Fish,359,34,13,9.307692308,0,0,0,0,0,0,0,0,1,0,0,0,0,0,0,0,0,0,0,0,0,0,0
Marine,Fish,359,34,13,18.07692308,0,0,0,0,0,0,0,0,1,0,0,0,0,0,0,0,0,0,0,0,0,0,0
Marine,Fish,365,-38,6,26.5,0,0,0,0,0,0,0,0,1,0,0,0,0,0,0,0,0,0,0,0,0,0,0
Marine,Fish,412,24,6,27.16666667,0,0,0,0,0,0,0,0,1,0,0,0,0,0,0,0,0,0,0,0,0,0,0
Marine,Fish,418,-18,20,150.8,0,0,0,0,0,0,0,0,1,0,0,0,0,0,0,0,0,0,0,0,0,0,0
Marine,Fish,418,-16,17,193.7058824,0,0,0,0,0,0,0,0,1,0,0,0,0,0,0,0,0,0,0,0,0,0,0
Marine,Fish,418,-20,23,170.1304348,0,0,0,0,0,0,0,0,1,0,0,0,0,0,0,0,0,0,0,0,0,0,0
Marine,Fish,418,-18,21,126.8095238,0,0,0,0,0,0,0,0,1,0,0,0,0,0,0,0,0,0,0,0,0,0,0
Marine,Fish,418,-22,23,58.65217391,0,0,0,0,0,0,0,0,1,0,0,0,0,0,0,0,0,0,0,0,0,0,0
Marine,Fish,418,-20,17,127.0588235,0,0,0,0,0,0,0,0,1,0,0,0,0,0,0,0,0,0,0,0,0,0,0
Marine,Fish,418,-24,20,83.15,0,0,0,0,0,0,0,0,1,0,0,0,0,0,0,0,0,0,0,0,0,0,0
Marine,Fish,418,-22,8,88,0,0,0,0,0,0,0,0,1,0,0,0,0,0,0,0,0,0,0,0,0,0,0
Marine,Fish,418,-20,17,79.05882353,0,0,0,0,0,0,0,0,1,0,0,0,0,0,0,0,0,0,0,0,0,0,0
Marine,Fish,418,-24,21,118.8571429,0,0,0,0,0,0,0,0,1,0,0,0,0,0,0,0,0,0,0,0,0,0,0
Marine,Fish,418,-22,22,109.7727273,0,0,0,0,0,0,0,0,1,0,0,0,0,0,0,0,0,0,0,0,0,0,0
Marine,Fish,428,58,36,23.52777778,0,0,0.021276596,0,0,0.042553191,0.106382979,0,0.808510638,0,0.021276596,0,0,0,0,0,0,0,0,0,0,0,0
Marine,Fish,428,58,36,17.44444444,0,0,0.021276596,0,0,0.042553191,0.106382979,0,0.808510638,0,0.021276596,0,0,0,0,0,0,0,0,0,0,0,0
Marine,Fish,438,4,7,465.5714286,0,0,0,0,0,0,0,0,1,0,0,0,0,0,0,0,0,0,0,0,0,0,0
Marine,Fish,45,-18,6,623.6666667,0,0,0,0,0,0,0,0,1,0,0,0,0,0,0,0,0,0,0,0,0,0,0
Marine,Fish,466,56,20,17.7,0,0,0,0,0,0,0,0,1,0,0,0,0,0,0,0,0,0,0,0,0,0,0
Marine,Fish,466,56,20,17.5,0,0,0,0,0,0,0,0,1,0,0,0,0,0,0,0,0,0,0,0,0,0,0
Marine,Fish,466,54,23,23.13043478,0,0,0,0,0,0,0,0,1,0,0,0,0,0,0,0,0,0,0,0,0,0,0
Marine,Fish,466,56,23,28.13043478,0,0,0,0,0,0,0,0,1,0,0,0,0,0,0,0,0,0,0,0,0,0,0
Marine,Fish,466,58,23,18.43478261,0,0,0,0,0,0,0,0,1,0,0,0,0,0,0,0,0,0,0,0,0,0,0
Marine,Fish,466,54,23,14.52173913,0,0,0,0,0,0,0,0,1,0,0,0,0,0,0,0,0,0,0,0,0,0,0
Marine,Fish,466,56,23,23.30434783,0,0,0,0,0,0,0,0,1,0,0,0,0,0,0,0,0,0,0,0,0,0,0
Marine,Fish,466,58,23,21.26086957,0,0,0,0,0,0,0,0,1,0,0,0,0,0,0,0,0,0,0,0,0,0,0
Marine,Fish,466,56,23,13.2173913,0,0,0,0,0,0,0,0,1,0,0,0,0,0,0,0,0,0,0,0,0,0,0
Marine,Fish,466,58,23,22.52173913,0,0,0,0,0,0,0,0,1,0,0,0,0,0,0,0,0,0,0,0,0,0,0
Marine,Fish,466,58,21,13.23809524,0,0,0,0,0,0,0,0,1,0,0,0,0,0,0,0,0,0,0,0,0,0,0
Marine,Fish,501,50,9,64.44444444,0,0.053846154,0,0.123076923,0.038461538,0.023076923,0.192307692,0,0.484615385,0,0.030769231,0,0,0,0,0,0,0.053846154,0,0,0,0,0
Marine,Fish,505,30,9,15.11111111,0,0,0,0,0.028368794,0.007092199,0.092198582,0,0.836879433,0,0.021276596,0,0,0,0,0,0,0.007092199,0,0.007092199,0,0,0
Marine,Fish,505,32,11,50.09090909,0,0,0,0,0.028368794,0.007092199,0.092198582,0,0.836879433,0,0.021276596,0,0,0,0,0,0,0.007092199,0,0.007092199,0,0,0
Marine,Fish,511,-24,6,77.33333333,0,0,0,0,0,0,0,0,1,0,0,0,0,0,0,0,0,0,0,0,0,0,0
Marine,Birds,166,34,9,6.555555556,0,0,0.910779537,0,0,0,0,0,0,0,0,0,0,0,0,0.089220463,0,0,0,0,0,0,0
Marine,Birds,166,36,9,13.22222222,0,0,0.910779537,0,0,0,0,0,0,0,0,0,0,0,0,0.089220463,0,0,0,0,0,0,0
Marine,Birds,166,38,9,10.66666667,0,0,0.910779537,0,0,0,0,0,0,0,0,0,0,0,0,0.089220463,0,0,0,0,0,0,0
Marine,Birds,166,38,9,18.11111111,0,0,0.910779537,0,0,0,0,0,0,0,0,0,0,0,0,0.089220463,0,0,0,0,0,0,0
Marine,Birds,166,40,9,9.444444444,0,0,0.910779537,0,0,0,0,0,0,0,0,0,0,0,0,0.089220463,0,0,0,0,0,0,0
Marine,Birds,166,40,9,15.44444444,0,0,0.910779537,0,0,0,0,0,0,0,0,0,0,0,0,0.089220463,0,0,0,0,0,0,0
Marine,Birds,166,42,9,8.666666667,0,0,0.910779537,0,0,0,0,0,0,0,0,0,0,0,0,0.089220463,0,0,0,0,0,0,0
Marine,Birds,166,40,9,24,0,0,0.910779537,0,0,0,0,0,0,0,0,0,0,0,0,0.089220463,0,0,0,0,0,0,0
Marine,Birds,166,42,9,5.777777778,0,0,0.910779537,0,0,0,0,0,0,0,0,0,0,0,0,0.089220463,0,0,0,0,0,0,0
Marine,Birds,166,46,4,6,0,0,0.910779537,0,0,0,0,0,0,0,0,0,0,0,0,0.089220463,0,0,0,0,0,0,0
Marine,Birds,166,48,3,5.333333333,0,0,0.910779537,0,0,0,0,0,0,0,0,0,0,0,0,0.089220463,0,0,0,0,0,0,0
Marine,Birds,166,44,2,4.5,0,0,0.910779537,0,0,0,0,0,0,0,0,0,0,0,0,0.089220463,0,0,0,0,0,0,0
Marine,Birds,166,50,1,8,0,0,0.910779537,0,0,0,0,0,0,0,0,0,0,0,0,0.089220463,0,0,0,0,0,0,0
Marine,Birds,166,44,2,3.5,0,0,0.910779537,0,0,0,0,0,0,0,0,0,0,0,0,0.089220463,0,0,0,0,0,0,0
Marine,Birds,169,30,20,6.75,0,0,0.777093596,0,0,0,0,0,0.024630542,0,0,0,0.003694581,0,0,0.187192118,0,0,0,0.007389163,0,0,0
Marine,Birds,169,32,20,8.65,0,0,0.777093596,0,0,0,0,0,0.024630542,0,0,0,0.003694581,0,0,0.187192118,0,0,0,0.007389163,0,0,0
Marine,Birds,169,34,20,5.7,0,0,0.777093596,0,0,0,0,0,0.024630542,0,0,0,0.003694581,0,0,0.187192118,0,0,0,0.007389163,0,0,0
Marine,Birds,169,32,20,15.4,0,0,0.777093596,0,0,0,0,0,0.024630542,0,0,0,0.003694581,0,0,0.187192118,0,0,0,0.007389163,0,0,0
Marine,Birds,169,34,20,14.45,0,0,0.777093596,0,0,0,0,0,0.024630542,0,0,0,0.003694581,0,0,0.187192118,0,0,0,0.007389163,0,0,0
Marine,Birds,169,36,20,8.5,0,0,0.777093596,0,0,0,0,0,0.024630542,0,0,0,0.003694581,0,0,0.187192118,0,0,0,0.007389163,0,0,0
Marine,Birds,169,32,20,19.95,0,0,0.777093596,0,0,0,0,0,0.024630542,0,0,0,0.003694581,0,0,0.187192118,0,0,0,0.007389163,0,0,0
Marine,Birds,169,34,20,15.05,0,0,0.777093596,0,0,0,0,0,0.024630542,0,0,0,0.003694581,0,0,0.187192118,0,0,0,0.007389163,0,0,0
Marine,Birds,169,36,20,9.5,0,0,0.777093596,0,0,0,0,0,0.024630542,0,0,0,0.003694581,0,0,0.187192118,0,0,0,0.007389163,0,0,0
Marine,Birds,169,32,20,6.55,0,0,0.777093596,0,0,0,0,0,0.024630542,0,0,0,0.003694581,0,0,0.187192118,0,0,0,0.007389163,0,0,0
Marine,Birds,374,24,11,34.45454545,0,0,1,0,0,0,0,0,0,0,0,0,0,0,0,0,0,0,0,0,0,0,0
Marine,Birds,374,26,11,51.27272727,0,0,1,0,0,0,0,0,0,0,0,0,0,0,0,0,0,0,0,0,0,0,0
Marine,Birds,374,30,11,40.18181818,0,0,1,0,0,0,0,0,0,0,0,0,0,0,0,0,0,0,0,0,0,0,0
Marine,Birds,374,32,11,74.72727273,0,0,1,0,0,0,0,0,0,0,0,0,0,0,0,0,0,0,0,0,0,0,0
Marine,Birds,374,34,6,29,0,0,1,0,0,0,0,0,0,0,0,0,0,0,0,0,0,0,0,0,0,0,0
Marine,Birds,374,32,11,52.72727273,0,0,1,0,0,0,0,0,0,0,0,0,0,0,0,0,0,0,0,0,0,0,0
Marine,Birds,374,34,11,50.90909091,0,0,1,0,0,0,0,0,0,0,0,0,0,0,0,0,0,0,0,0,0,0,0
Marine,Birds,374,34,11,61.72727273,0,0,1,0,0,0,0,0,0,0,0,0,0,0,0,0,0,0,0,0,0,0,0
Marine,Birds,374,34,11,67.09090909,0,0,1,0,0,0,0,0,0,0,0,0,0,0,0,0,0,0,0,0,0,0,0
Marine,Birds,374,36,11,42.45454545,0,0,1,0,0,0,0,0,0,0,0,0,0,0,0,0,0,0,0,0,0,0,0
Marine,Birds,374,34,11,63.63636364,0,0,1,0,0,0,0,0,0,0,0,0,0,0,0,0,0,0,0,0,0,0,0
Marine,Birds,374,36,11,29,0,0,1,0,0,0,0,0,0,0,0,0,0,0,0,0,0,0,0,0,0,0,0
Marine,Birds,374,34,11,63.54545455,0,0,1,0,0,0,0,0,0,0,0,0,0,0,0,0,0,0,0,0,0,0,0
Marine,Birds,374,36,11,22.63636364,0,0,1,0,0,0,0,0,0,0,0,0,0,0,0,0,0,0,0,0,0,0,0
Marine,Birds,374,38,10,20.8,0,0,1,0,0,0,0,0,0,0,0,0,0,0,0,0,0,0,0,0,0,0,0
Marine,Birds,374,40,11,14.18181818,0,0,1,0,0,0,0,0,0,0,0,0,0,0,0,0,0,0,0,0,0,0,0
Marine,Birds,374,42,11,29,0,0,1,0,0,0,0,0,0,0,0,0,0,0,0,0,0,0,0,0,0,0,0
Marine,Birds,374,44,11,50.45454545,0,0,1,0,0,0,0,0,0,0,0,0,0,0,0,0,0,0,0,0,0,0,0
Marine,Birds,374,42,11,47.45454545,0,0,1,0,0,0,0,0,0,0,0,0,0,0,0,0,0,0,0,0,0,0,0
Marine,Birds,91,54,8,5.875,0,0,1,0,0,0,0,0,0,0,0,0,0,0,0,0,0,0,0,0,0,0,0
Marine,Crustacea,143,-38,6,23.83333333,0,0,0,0,0,0,1,0,0,0,0,0,0,0,0,0,0,0,0,0,0,0,0
Marine,Crustacea,176,42,12,5.833333333,0,0.021082221,0,0,0,0.039353479,0.657062544,0,0.094167252,0,0.040056219,0,0,0,0.000702741,0,0,0.031623331,0,0,0,0,0.115952214
Marine,Crustacea,176,44,12,9.666666667,0,0.021082221,0,0,0,0.039353479,0.657062544,0,0.094167252,0,0.040056219,0,0,0,0.000702741,0,0,0.031623331,0,0,0,0,0.115952214
Marine,Crustacea,176,42,12,14.75,0,0.021082221,0,0,0,0.039353479,0.657062544,0,0.094167252,0,0.040056219,0,0,0,0.000702741,0,0,0.031623331,0,0,0,0,0.115952214
Marine,Crustacea,176,46,12,8.75,0,0.021082221,0,0,0,0.039353479,0.657062544,0,0.094167252,0,0.040056219,0,0,0,0.000702741,0,0,0.031623331,0,0,0,0,0.115952214
Marine,Crustacea,176,42,12,17.83333333,0,0.021082221,0,0,0,0.039353479,0.657062544,0,0.094167252,0,0.040056219,0,0,0,0.000702741,0,0,0.031623331,0,0,0,0,0.115952214
Marine,Crustacea,176,44,13,13.23076923,0,0.021082221,0,0,0,0.039353479,0.657062544,0,0.094167252,0,0.040056219,0,0,0,0.000702741,0,0,0.031623331,0,0,0,0,0.115952214
Marine,Crustacea,176,46,12,5.583333333,0,0.021082221,0,0,0,0.039353479,0.657062544,0,0.094167252,0,0.040056219,0,0,0,0.000702741,0,0,0.031623331,0,0,0,0,0.115952214
Marine,Crustacea,176,48,11,8.909090909,0,0.021082221,0,0,0,0.039353479,0.657062544,0,0.094167252,0,0.040056219,0,0,0,0.000702741,0,0,0.031623331,0,0,0,0,0.115952214
Marine,Crustacea,176,42,12,15.25,0,0.021082221,0,0,0,0.039353479,0.657062544,0,0.094167252,0,0.040056219,0,0,0,0.000702741,0,0,0.031623331,0,0,0,0,0.115952214
Marine,Crustacea,176,44,12,8.75,0,0.021082221,0,0,0,0.039353479,0.657062544,0,0.094167252,0,0.040056219,0,0,0,0.000702741,0,0,0.031623331,0,0,0,0,0.115952214
Marine,Crustacea,176,46,12,13.08333333,0,0.021082221,0,0,0,0.039353479,0.657062544,0,0.094167252,0,0.040056219,0,0,0,0.000702741,0,0,0.031623331,0,0,0,0,0.115952214
Marine,Crustacea,176,48,6,5.666666667,0,0.021082221,0,0,0,0.039353479,0.657062544,0,0.094167252,0,0.040056219,0,0,0,0.000702741,0,0,0.031623331,0,0,0,0,0.115952214
Marine,Crustacea,176,44,12,20,0,0.021082221,0,0,0,0.039353479,0.657062544,0,0.094167252,0,0.040056219,0,0,0,0.000702741,0,0,0.031623331,0,0,0,0,0.115952214
Marine,Crustacea,176,46,12,14.66666667,0,0.021082221,0,0,0,0.039353479,0.657062544,0,0.094167252,0,0.040056219,0,0,0,0.000702741,0,0,0.031623331,0,0,0,0,0.115952214
Marine,Crustacea,176,42,11,9.363636364,0,0.021082221,0,0,0,0.039353479,0.657062544,0,0.094167252,0,0.040056219,0,0,0,0.000702741,0,0,0.031623331,0,0,0,0,0.115952214
Marine,Crustacea,176,44,11,8.272727273,0,0.021082221,0,0,0,0.039353479,0.657062544,0,0.094167252,0,0.040056219,0,0,0,0.000702741,0,0,0.031623331,0,0,0,0,0.115952214
Marine,Crustacea,183,44,13,5.769230769,0,0,0,0.142857143,0,0,0.709183673,0,0,0,0,0,0,0,0,0,0,0.147959184,0,0,0,0,0
Marine,Crustacea,183,42,13,6.692307692,0,0,0,0.142857143,0,0,0.709183673,0,0,0,0,0,0,0,0,0,0,0.147959184,0,0,0,0,0
Marine,Crustacea,183,42,13,6.615384615,0,0,0,0.142857143,0,0,0.709183673,0,0,0,0,0,0,0,0,0,0,0.147959184,0,0,0,0,0
Marine,Crustacea,183,44,13,9.769230769,0,0,0,0.142857143,0,0,0.709183673,0,0,0,0,0,0,0,0,0,0,0.147959184,0,0,0,0,0
Marine,Crustacea,183,42,13,5.307692308,0,0,0,0.142857143,0,0,0.709183673,0,0,0,0,0,0,0,0,0,0,0.147959184,0,0,0,0,0
Marine,Crustacea,183,44,13,10.46153846,0,0,0,0.142857143,0,0,0.709183673,0,0,0,0,0,0,0,0,0,0,0.147959184,0,0,0,0,0
Marine,Crustacea,183,46,13,5.538461538,0,0,0,0.142857143,0,0,0.709183673,0,0,0,0,0,0,0,0,0,0,0.147959184,0,0,0,0,0
Marine,Crustacea,183,44,13,5.461538462,0,0,0,0.142857143,0,0,0.709183673,0,0,0,0,0,0,0,0,0,0,0.147959184,0,0,0,0,0
Marine,Crustacea,330,-14,6,15.66666667,0,0,0,0,0,0.015682858,0.917447179,0,0,0,0,0,0,0,0,0,0,0.018296667,0,0,0,0,0.048573296
Marine,Crustacea,435,-70,6,11.66666667,0,0,0,0,0,0,0.707317073,0,0,0,0.154471545,0,0,0,0,0,0,0,0,0,0,0,0.138211382
Marine,Crustacea,435,-70,6,7.666666667,0,0,0,0,0,0,0.707317073,0,0,0,0.154471545,0,0,0,0,0,0,0,0,0,0,0,0.138211382
Marine,Crustacea,435,-68,7,11.28571429,0,0,0,0,0,0,0.707317073,0,0,0,0.154471545,0,0,0,0,0,0,0,0,0,0,0,0.138211382
Marine,Crustacea,435,-68,8,9.625,0,0,0,0,0,0,0.707317073,0,0,0,0.154471545,0,0,0,0,0,0,0,0,0,0,0,0.138211382
Marine,Crustacea,435,-70,8,7.375,0,0,0,0,0,0,0.707317073,0,0,0,0.154471545,0,0,0,0,0,0,0,0,0,0,0,0.138211382
Marine,Crustacea,435,-68,8,9.5,0,0,0,0,0,0,0.707317073,0,0,0,0.154471545,0,0,0,0,0,0,0,0,0,0,0,0.138211382
Marine,Crustacea,435,-66,8,9.375,0,0,0,0,0,0,0.707317073,0,0,0,0.154471545,0,0,0,0,0,0,0,0,0,0,0,0.138211382
Marine,Crustacea,435,-68,8,7.75,0,0,0,0,0,0,0.707317073,0,0,0,0.154471545,0,0,0,0,0,0,0,0,0,0,0,0.138211382
Marine,Crustacea,435,-66,8,6,0,0,0,0,0,0,0.707317073,0,0,0,0.154471545,0,0,0,0,0,0,0,0,0,0,0,0.138211382
Marine,Crustacea,435,-64,7,9,0,0,0,0,0,0,0.707317073,0,0,0,0.154471545,0,0,0,0,0,0,0,0,0,0,0,0.138211382
Marine,Crustacea,435,-66,8,7.125,0,0,0,0,0,0,0.707317073,0,0,0,0.154471545,0,0,0,0,0,0,0,0,0,0,0,0.138211382
Marine,Crustacea,477,36,15,19.73333333,0,0,0,0,0,0,0.714285714,0,0,0,0.285714286,0,0,0,0,0,0,0,0,0,0,0,0
Marine,Crustacea,499,50,19,13.63157895,0,0.375,0,0.125,0,0.0078125,0.3828125,0,0,0,0.015625,0,0,0,0,0,0,0.0859375,0,0,0,0.0078125,0
Marine,Crustacea,90,44,6,5.166666667,0,0,0,0,0,0,0.959183673,0,0,0,0,0,0,0,0,0,0,0,0,0,0,0.040816327,0
Marine,Annelids,162,26,9,15.66666667,0,0.502302684,0,0.136652374,0,0.003334921,0.223757345,0,0.000397014,0,0.076941401,0.000714626,0,0,0,0,0,0.055185009,0,0,0,0.000714626,0
Marine,Annelids,162,28,9,5.555555556,0,0.502302684,0,0.136652374,0,0.003334921,0.223757345,0,0.000397014,0,0.076941401,0.000714626,0,0,0,0,0,0.055185009,0,0,0,0.000714626,0
Marine,Annelids,162,28,9,5.777777778,0,0.502302684,0,0.136652374,0,0.003334921,0.223757345,0,0.000397014,0,0.076941401,0.000714626,0,0,0,0,0,0.055185009,0,0,0,0.000714626,0
Marine,Annelids,162,28,9,6.555555556,0,0.502302684,0,0.136652374,0,0.003334921,0.223757345,0,0.000397014,0,0.076941401,0.000714626,0,0,0,0,0,0.055185009,0,0,0,0.000714626,0
Marine,Annelids,162,28,9,5.777777778,0,0.502302684,0,0.136652374,0,0.003334921,0.223757345,0,0.000397014,0,0.076941401,0.000714626,0,0,0,0,0,0.055185009,0,0,0,0.000714626,0
Marine,Annelids,162,30,9,40.33333333,0,0.502302684,0,0.136652374,0,0.003334921,0.223757345,0,0.000397014,0,0.076941401,0.000714626,0,0,0,0,0,0.055185009,0,0,0,0.000714626,0
Marine,Annelids,162,34,7,14,0,0.502302684,0,0.136652374,0,0.003334921,0.223757345,0,0.000397014,0,0.076941401,0.000714626,0,0,0,0,0,0.055185009,0,0,0,0.000714626,0
Marine,Annelids,162,38,6,34.16666667,0,0.502302684,0,0.136652374,0,0.003334921,0.223757345,0,0.000397014,0,0.076941401,0.000714626,0,0,0,0,0,0.055185009,0,0,0,0.000714626,0
Marine,Annelids,162,34,6,11.66666667,0,0.502302684,0,0.136652374,0,0.003334921,0.223757345,0,0.000397014,0,0.076941401,0.000714626,0,0,0,0,0,0.055185009,0,0,0,0.000714626,0
Marine,Annelids,162,38,8,53.375,0,0.502302684,0,0.136652374,0,0.003334921,0.223757345,0,0.000397014,0,0.076941401,0.000714626,0,0,0,0,0,0.055185009,0,0,0,0.000714626,0
Marine,Annelids,162,40,11,14.18181818,0,0.502302684,0,0.136652374,0,0.003334921,0.223757345,0,0.000397014,0,0.076941401,0.000714626,0,0,0,0,0,0.055185009,0,0,0,0.000714626,0
Marine,Annelids,162,40,9,52.11111111,0,0.502302684,0,0.136652374,0,0.003334921,0.223757345,0,0.000397014,0,0.076941401,0.000714626,0,0,0,0,0,0.055185009,0,0,0,0.000714626,0
Marine,Annelids,162,40,6,94.16666667,0,0.502302684,0,0.136652374,0,0.003334921,0.223757345,0,0.000397014,0,0.076941401,0.000714626,0,0,0,0,0,0.055185009,0,0,0,0.000714626,0
Marine,Annelids,187,24,7,158.7142857,0,0.504959423,0,0.133092876,0,0.000360685,0.224706943,0,0,0,0.080072137,0.000721371,0,0,0,0,0,0.055184851,0,0,0,0.000901713,0
Marine,Annelids,200,36,5,11,0,0.316827438,0,0.214362272,0,0.008574491,0.245230439,0,0.001500536,0.000857449,0.104608789,0.001500536,0,0,0,0,0,0.106323687,0,0,0,0,0.000214362
Marine,Annelids,200,38,6,24.83333333,0,0.316827438,0,0.214362272,0,0.008574491,0.245230439,0,0.001500536,0.000857449,0.104608789,0.001500536,0,0,0,0,0,0.106323687,0,0,0,0,0.000214362
Marine,Annelids,200,38,6,49.66666667,0,0.316827438,0,0.214362272,0,0.008574491,0.245230439,0,0.001500536,0.000857449,0.104608789,0.001500536,0,0,0,0,0,0.106323687,0,0,0,0,0.000214362
Marine,Annelids,200,40,10,37.8,0,0.316827438,0,0.214362272,0,0.008574491,0.245230439,0,0.001500536,0.000857449,0.104608789,0.001500536,0,0,0,0,0,0.106323687,0,0,0,0,0.000214362
Marine,Annelids,200,40,6,12.5,0,0.316827438,0,0.214362272,0,0.008574491,0.245230439,0,0.001500536,0.000857449,0.104608789,0.001500536,0,0,0,0,0,0.106323687,0,0,0,0,0.000214362
Marine,Annelids,204,50,15,26.33333333,0,0.4,0,0.136170213,0,0,0.365957447,0,0.017021277,0,0.021276596,0,0,0,0,0,0,0.055319149,0,0,0,0.004255319,0
Marine,Annelids,349,34,10,11.8,0,1,0,0,0,0,0,0,0,0,0,0,0,0,0,0,0,0,0,0,0,0,0
Marine,Annelids,500,50,12,69.66666667,0,0.396475771,0,0.145374449,0,0.004405286,0.339207048,0,0.017621145,0,0.026431718,0,0,0,0,0,0,0.061674009,0,0,0,0.004405286,0.004405286
Marine,Annelids,78,54,23,7.086956522,0,0.396166134,0,0.124600639,0,0.07028754,0.226837061,0,0,0,0.063897764,0,0,0,0,0,0,0.118210863,0,0,0,0,0
Marine,Annelids,78,54,25,8.52,0,0.396166134,0,0.124600639,0,0.07028754,0.226837061,0,0,0,0.063897764,0,0,0,0,0,0,0.118210863,0,0,0,0,0
Marine,Annelids,92,66,17,7.647058824,0,0.312204352,0,0.198675497,0,0.049195837,0.16461684,0,0,0,0.135288553,0,0.002838221,0,0,0,0,0.1371807,0,0,0,0,0
Marine,Other.invertebrates,110,48,7,8.714285714,0,0.178687788,0.000224694,0.069935962,0.002583979,0.073531064,0.143467026,0,0.050556117,0.011403213,0.09178744,0,0.000842602,0,0.18391192,0.00016852,0,0.189360746,0,0,0.002583979,0.000224694,0.000730255
Marine,Other.invertebrates,110,56,15,6.6,0,0.178687788,0.000224694,0.069935962,0.002583979,0.073531064,0.143467026,0,0.050556117,0.011403213,0.09178744,0,0.000842602,0,0.18391192,0.00016852,0,0.189360746,0,0,0.002583979,0.000224694,0.000730255
Marine,Other.invertebrates,110,50,18,13.38888889,0,0.178687788,0.000224694,0.069935962,0.002583979,0.073531064,0.143467026,0,0.050556117,0.011403213,0.09178744,0,0.000842602,0,0.18391192,0.00016852,0,0.189360746,0,0,0.002583979,0.000224694,0.000730255
Marine,Other.invertebrates,110,50,11,5.181818182,0,0.178687788,0.000224694,0.069935962,0.002583979,0.073531064,0.143467026,0,0.050556117,0.011403213,0.09178744,0,0.000842602,0,0.18391192,0.00016852,0,0.189360746,0,0,0.002583979,0.000224694,0.000730255
Marine,Other.invertebrates,272,34,15,7.666666667,0,0.117647059,0,0,0,0.117647059,0,0,0,0,0.058823529,0,0,0,0,0,0,0.705882353,0,0,0,0,0
Marine,Other.invertebrates,272,34,15,10.86666667,0,0.117647059,0,0,0,0.117647059,0,0,0,0,0.058823529,0,0,0,0,0,0,0.705882353,0,0,0,0,0
Marine,Other.invertebrates,273,34,15,5.733333333,0,0,0,0,0,0.071428571,0.214285714,0,0,0,0.214285714,0,0,0,0,0,0,0.5,0,0,0,0,0
Marine,Other.invertebrates,273,34,15,9.6,0,0,0,0,0,0.071428571,0.214285714,0,0,0,0.214285714,0,0,0,0,0,0,0.5,0,0,0,0,0
Marine,Other.invertebrates,297,-18,11,6.727272727,0,0,0,0,0,0,0,0,0,0,0.166666667,0,0,0,0,0,0,0.833333333,0,0,0,0,0
Marine,Other.invertebrates,350,48,12,8,0,0,0,0,0,0,0,0,0,0,0,0,0,0,0,0,0,1,0,0,0,0,0
Marine,Other.invertebrates,351,34,13,13.69230769,0,0,0,0,0,0,0,0,0,0,0,0,0,0,0,0,0,1,0,0,0,0,0
Marine,Other.invertebrates,469,32,30,14.36666667,0,0,0,0,0,0.084033613,0.025210084,0,0.117647059,0,0.285714286,0,0,0,0.117647059,0,0,0.369747899,0,0,0,0,0
Marine,Other.invertebrates,469,34,30,14.5,0,0,0,0,0,0.084033613,0.025210084,0,0.117647059,0,0.285714286,0,0,0,0.117647059,0,0,0.369747899,0,0,0,0,0
Marine,Other.invertebrates,469,32,30,20.1,0,0,0,0,0,0.084033613,0.025210084,0,0.117647059,0,0.285714286,0,0,0,0.117647059,0,0,0.369747899,0,0,0,0,0
Marine,Other.invertebrates,469,34,30,19.16666667,0,0,0,0,0,0.084033613,0.025210084,0,0.117647059,0,0.285714286,0,0,0,0.117647059,0,0,0.369747899,0,0,0,0,0
Marine,Macroalgae,196,60,31,40.77419355,0,0,0,0.028368794,0,0.042553191,0.078014184,0,0.014184397,0.085106383,0.156028369,0,0.007092199,0,0.446808511,0,0,0.127659574,0,0,0.014184397,0,0
Marine,Macroalgae,310,50,10,60.2,0,0,0,0,0,0,0,0,0,0,0,0,0,0,0.471868365,0,0,0,0.227353149,0,0,0,0.300778485
Marine,Macroalgae,33,50,18,47.22222222,0,0,0,0,0,0,0,0,0,0,0,0,0,0,0.690265487,0,0,0,0.044247788,0,0,0,0.265486726
Marine,Macroalgae,354,-40,7,114.7142857,0,0,0,0,0,0,0,0.001939864,0,0,0,0,0,0,0.673779502,0,0,0,0.018752021,0,0,0,0.305528613
Marine,Macroalgae,354,-38,7,78,0,0,0,0,0,0,0,0.001939864,0,0,0,0,0,0,0.673779502,0,0,0,0.018752021,0,0,0,0.305528613
Marine,Macroalgae,354,-34,13,31,0,0,0,0,0,0,0,0.001939864,0,0,0,0,0,0,0.673779502,0,0,0,0.018752021,0,0,0,0.305528613
Marine,Macroalgae,354,-30,6,11.66666667,0,0,0,0,0,0,0,0.001939864,0,0,0,0,0,0,0.673779502,0,0,0,0.018752021,0,0,0,0.305528613
Marine,Macroalgae,468,32,31,29.96774194,0,0.092307692,0,0,0,0.153846154,0,0,0,0,0.015384615,0,0,0,0.430769231,0,0,0.307692308,0,0,0,0,0
Marine,Macroalgae,71,66,6,32.16666667,0,0,0,0,0,0,0,0,0,0,0,0,0,0,0.586721565,0,0,0.030365414,0.027277406,0,0,0,0.355635615
Marine,Macroalgae,84,44,8,28.5,0,0,0,0,0,0,0,0,0,0,0,0,0,0,1,0,0,0,0,0,0,0,0
Marine,Macroalgae,87,50,6,24.66666667,0,0,0,0,0,0,0,0,0,0,0,0,0,0,0.717171717,0,0,0,0.02020202,0,0,0,0.262626263
Marine,Macroalgae,87,50,9,16.44444444,0,0,0,0,0,0,0,0,0,0,0,0,0,0,0.717171717,0,0,0,0.02020202,0,0,0,0.262626263
Marine,Mammals,172,38,12,8.166666667,0,0,0.275,0,0,0,0,0,0,0,0,0,0,0,0,0.525,0,0,0,0.2,0,0,0
Marine,Mammals,172,36,12,7.333333333,0,0,0.275,0,0,0,0,0,0,0,0,0,0,0,0,0.525,0,0,0,0.2,0,0,0
Marine,Mammals,172,38,12,14.83333333,0,0,0.275,0,0,0,0,0,0,0,0,0,0,0,0,0.525,0,0,0,0.2,0,0,0
Marine,Mammals,172,36,12,7.25,0,0,0.275,0,0,0,0,0,0,0,0,0,0,0,0,0.525,0,0,0,0.2,0,0,0
Marine,Mammals,172,38,12,14.75,0,0,0.275,0,0,0,0,0,0,0,0,0,0,0,0,0.525,0,0,0,0.2,0,0,0
Marine,Mammals,172,36,12,10.33333333,0,0,0.275,0,0,0,0,0,0,0,0,0,0,0,0,0.525,0,0,0,0.2,0,0,0
Marine,Bivalves.and.infauna,367,32,6,22.16666667,0,0.129807692,0,0.360576923,0,0.014423077,0.3125,0,0,0,0.144230769,0,0,0,0,0,0,0.038461538,0,0,0,0,0
Marine,Bivalves.and.infauna,367,32,6,18.33333333,0,0.129807692,0,0.360576923,0,0.014423077,0.3125,0,0,0,0.144230769,0,0,0,0,0,0,0.038461538,0,0,0,0,0
Marine,Bivalves.and.infauna,367,34,6,16.83333333,0,0.129807692,0,0.360576923,0,0.014423077,0.3125,0,0,0,0.144230769,0,0,0,0,0,0,0.038461538,0,0,0,0,0
Marine,Bivalves.and.infauna,367,34,6,18.5,0,0.129807692,0,0.360576923,0,0.014423077,0.3125,0,0,0,0.144230769,0,0,0,0,0,0,0.038461538,0,0,0,0,0
Marine,Bivalves.and.infauna,367,36,6,8.333333333,0,0.129807692,0,0.360576923,0,0.014423077,0.3125,0,0,0,0.144230769,0,0,0,0,0,0,0.038461538,0,0,0,0,0
Marine,Corals.anemones.and.jellyfish,113,48,5,5.8,0,0,0,0,0.003997145,0.377944325,0.270378301,0,0.208636688,0,0.00620985,0,0,0,0,0,0,0.122127052,0,0,0,0,0.010706638
Marine,Corals.anemones.and.jellyfish,456,20,6,42,0,0,0,0,0,1,0,0,0,0,0,0,0,0,0,0,0,0,0,0,0,0,0
Marine,Corals.anemones.and.jellyfish,457,20,8,57.375,0,0,0,0,0,1,0,0,0,0,0,0,0,0,0,0,0,0,0,0,0,0,0
Marine,Zooplankton,86,46,7,5.428571429,0,0,0,0,0,0,0,0.007142857,0,0,0,0,0,0,0.37755102,0,0,0.015306122,0.053061224,0,0,0,0.546938776
Terrestrial,Birds,195,42,27,23.25925926,0,0,0.99601173,0,0,0,0,0,0,0,0,0,0,0,0,0,0,0,0,0,0.00398827,0,0
Terrestrial,Birds,195,48,27,23.40740741,0,0,0.99601173,0,0,0,0,0,0,0,0,0,0,0,0,0,0,0,0,0,0.00398827,0,0
Terrestrial,Birds,195,38,28,73.03571429,0,0,0.99601173,0,0,0,0,0,0,0,0,0,0,0,0,0,0,0,0,0,0.00398827,0,0
Terrestrial,Birds,195,40,28,81.78571429,0,0,0.99601173,0,0,0,0,0,0,0,0,0,0,0,0,0,0,0,0,0,0.00398827,0,0
Terrestrial,Birds,195,42,28,66.17857143,0,0,0.99601173,0,0,0,0,0,0,0,0,0,0,0,0,0,0,0,0,0,0.00398827,0,0
Terrestrial,Birds,195,48,28,51.67857143,0,0,0.99601173,0,0,0,0,0,0,0,0,0,0,0,0,0,0,0,0,0,0.00398827,0,0
Terrestrial,Birds,195,52,28,55.89285714,0,0,0.99601173,0,0,0,0,0,0,0,0,0,0,0,0,0,0,0,0,0,0.00398827,0,0
Terrestrial,Birds,195,36,28,66.17857143,0,0,0.99601173,0,0,0,0,0,0,0,0,0,0,0,0,0,0,0,0,0,0.00398827,0,0
Terrestrial,Birds,195,38,28,81.67857143,0,0,0.99601173,0,0,0,0,0,0,0,0,0,0,0,0,0,0,0,0,0,0.00398827,0,0
Terrestrial,Birds,195,40,28,79.32142857,0,0,0.99601173,0,0,0,0,0,0,0,0,0,0,0,0,0,0,0,0,0,0.00398827,0,0
Terrestrial,Birds,195,42,27,29.48148148,0,0,0.99601173,0,0,0,0,0,0,0,0,0,0,0,0,0,0,0,0,0,0.00398827,0,0
Terrestrial,Birds,195,46,28,39.71428571,0,0,0.99601173,0,0,0,0,0,0,0,0,0,0,0,0,0,0,0,0,0,0.00398827,0,0
Terrestrial,Birds,195,48,28,35.71428571,0,0,0.99601173,0,0,0,0,0,0,0,0,0,0,0,0,0,0,0,0,0,0.00398827,0,0
Terrestrial,Birds,195,50,27,36.92592593,0,0,0.99601173,0,0,0,0,0,0,0,0,0,0,0,0,0,0,0,0,0,0.00398827,0,0
Terrestrial,Birds,195,36,28,79.07142857,0,0,0.99601173,0,0,0,0,0,0,0,0,0,0,0,0,0,0,0,0,0,0.00398827,0,0
Terrestrial,Birds,195,48,28,92.5,0,0,0.99601173,0,0,0,0,0,0,0,0,0,0,0,0,0,0,0,0,0,0.00398827,0,0
Terrestrial,Birds,195,44,27,28.88888889,0,0,0.99601173,0,0,0,0,0,0,0,0,0,0,0,0,0,0,0,0,0,0.00398827,0,0
Terrestrial,Birds,195,40,28,15.60714286,0,0,0.99601173,0,0,0,0,0,0,0,0,0,0,0,0,0,0,0,0,0,0.00398827,0,0
Terrestrial,Birds,195,44,28,23.28571429,0,0,0.99601173,0,0,0,0,0,0,0,0,0,0,0,0,0,0,0,0,0,0.00398827,0,0
Terrestrial,Birds,195,46,28,48.32142857,0,0,0.99601173,0,0,0,0,0,0,0,0,0,0,0,0,0,0,0,0,0,0.00398827,0,0
Terrestrial,Birds,195,48,28,44.39285714,0,0,0.99601173,0,0,0,0,0,0,0,0,0,0,0,0,0,0,0,0,0,0.00398827,0,0
Terrestrial,Birds,195,52,27,34.88888889,0,0,0.99601173,0,0,0,0,0,0,0,0,0,0,0,0,0,0,0,0,0,0.00398827,0,0
Terrestrial,Birds,195,54,28,32.71428571,0,0,0.99601173,0,0,0,0,0,0,0,0,0,0,0,0,0,0,0,0,0,0.00398827,0,0
Terrestrial,Birds,195,34,27,62.2962963,0,0,0.99601173,0,0,0,0,0,0,0,0,0,0,0,0,0,0,0,0,0,0.00398827,0,0
Terrestrial,Birds,195,42,28,34.71428571,0,0,0.99601173,0,0,0,0,0,0,0,0,0,0,0,0,0,0,0,0,0,0.00398827,0,0
Terrestrial,Birds,195,44,28,40.25,0,0,0.99601173,0,0,0,0,0,0,0,0,0,0,0,0,0,0,0,0,0,0.00398827,0,0
Terrestrial,Birds,195,46,27,25.81481481,0,0,0.99601173,0,0,0,0,0,0,0,0,0,0,0,0,0,0,0,0,0,0.00398827,0,0
Terrestrial,Birds,195,30,28,49.14285714,0,0,0.99601173,0,0,0,0,0,0,0,0,0,0,0,0,0,0,0,0,0,0.00398827,0,0
Terrestrial,Birds,195,32,27,38.51851852,0,0,0.99601173,0,0,0,0,0,0,0,0,0,0,0,0,0,0,0,0,0,0.00398827,0,0
Terrestrial,Birds,195,44,28,39.25,0,0,0.99601173,0,0,0,0,0,0,0,0,0,0,0,0,0,0,0,0,0,0.00398827,0,0
Terrestrial,Birds,195,50,28,25.64285714,0,0,0.99601173,0,0,0,0,0,0,0,0,0,0,0,0,0,0,0,0,0,0.00398827,0,0
Terrestrial,Birds,195,30,28,19.35714286,0,0,0.99601173,0,0,0,0,0,0,0,0,0,0,0,0,0,0,0,0,0,0.00398827,0,0
Terrestrial,Birds,195,44,27,46.40740741,0,0,0.99601173,0,0,0,0,0,0,0,0,0,0,0,0,0,0,0,0,0,0.00398827,0,0
Terrestrial,Birds,195,34,26,27.26923077,0,0,0.99601173,0,0,0,0,0,0,0,0,0,0,0,0,0,0,0,0,0,0.00398827,0,0
Terrestrial,Birds,195,38,28,51.89285714,0,0,0.99601173,0,0,0,0,0,0,0,0,0,0,0,0,0,0,0,0,0,0.00398827,0,0
Terrestrial,Birds,195,42,26,24.76923077,0,0,0.99601173,0,0,0,0,0,0,0,0,0,0,0,0,0,0,0,0,0,0.00398827,0,0
Terrestrial,Birds,195,44,28,28.78571429,0,0,0.99601173,0,0,0,0,0,0,0,0,0,0,0,0,0,0,0,0,0,0.00398827,0,0
Terrestrial,Birds,195,50,27,26.48148148,0,0,0.99601173,0,0,0,0,0,0,0,0,0,0,0,0,0,0,0,0,0,0.00398827,0,0
Terrestrial,Birds,195,52,28,43.25,0,0,0.99601173,0,0,0,0,0,0,0,0,0,0,0,0,0,0,0,0,0,0.00398827,0,0
Terrestrial,Birds,195,36,27,42.88888889,0,0,0.99601173,0,0,0,0,0,0,0,0,0,0,0,0,0,0,0,0,0,0.00398827,0,0
Terrestrial,Birds,195,40,28,30.96428571,0,0,0.99601173,0,0,0,0,0,0,0,0,0,0,0,0,0,0,0,0,0,0.00398827,0,0
Terrestrial,Birds,195,42,27,12.55555556,0,0,0.99601173,0,0,0,0,0,0,0,0,0,0,0,0,0,0,0,0,0,0.00398827,0,0
Terrestrial,Birds,195,52,27,40.88888889,0,0,0.99601173,0,0,0,0,0,0,0,0,0,0,0,0,0,0,0,0,0,0.00398827,0,0
Terrestrial,Birds,195,34,28,27.75,0,0,0.99601173,0,0,0,0,0,0,0,0,0,0,0,0,0,0,0,0,0,0.00398827,0,0
Terrestrial,Birds,195,38,28,17.14285714,0,0,0.99601173,0,0,0,0,0,0,0,0,0,0,0,0,0,0,0,0,0,0.00398827,0,0
Terrestrial,Birds,195,42,28,27.57142857,0,0,0.99601173,0,0,0,0,0,0,0,0,0,0,0,0,0,0,0,0,0,0.00398827,0,0
Terrestrial,Birds,195,46,27,29.48148148,0,0,0.99601173,0,0,0,0,0,0,0,0,0,0,0,0,0,0,0,0,0,0.00398827,0,0
Terrestrial,Birds,195,36,27,22.2962963,0,0,0.99601173,0,0,0,0,0,0,0,0,0,0,0,0,0,0,0,0,0,0.00398827,0,0
Terrestrial,Birds,195,30,27,27.18518519,0,0,0.99601173,0,0,0,0,0,0,0,0,0,0,0,0,0,0,0,0,0,0.00398827,0,0
Terrestrial,Birds,195,32,27,21.7037037,0,0,0.99601173,0,0,0,0,0,0,0,0,0,0,0,0,0,0,0,0,0,0.00398827,0,0
Terrestrial,Birds,195,36,28,32.46428571,0,0,0.99601173,0,0,0,0,0,0,0,0,0,0,0,0,0,0,0,0,0,0.00398827,0,0
Terrestrial,Birds,195,38,26,24.80769231,0,0,0.99601173,0,0,0,0,0,0,0,0,0,0,0,0,0,0,0,0,0,0.00398827,0,0
Terrestrial,Birds,195,48,28,38.5,0,0,0.99601173,0,0,0,0,0,0,0,0,0,0,0,0,0,0,0,0,0,0.00398827,0,0
Terrestrial,Birds,195,50,28,29.85714286,0,0,0.99601173,0,0,0,0,0,0,0,0,0,0,0,0,0,0,0,0,0,0.00398827,0,0
Terrestrial,Birds,195,26,28,16.53571429,0,0,0.99601173,0,0,0,0,0,0,0,0,0,0,0,0,0,0,0,0,0,0.00398827,0,0
Terrestrial,Birds,195,32,26,30.07692308,0,0,0.99601173,0,0,0,0,0,0,0,0,0,0,0,0,0,0,0,0,0,0.00398827,0,0
Terrestrial,Birds,195,34,28,44.32142857,0,0,0.99601173,0,0,0,0,0,0,0,0,0,0,0,0,0,0,0,0,0,0.00398827,0,0
Terrestrial,Birds,195,38,28,65.32142857,0,0,0.99601173,0,0,0,0,0,0,0,0,0,0,0,0,0,0,0,0,0,0.00398827,0,0
Terrestrial,Birds,195,40,28,47.25,0,0,0.99601173,0,0,0,0,0,0,0,0,0,0,0,0,0,0,0,0,0,0.00398827,0,0
Terrestrial,Birds,195,42,28,38.85714286,0,0,0.99601173,0,0,0,0,0,0,0,0,0,0,0,0,0,0,0,0,0,0.00398827,0,0
Terrestrial,Birds,195,44,28,34.35714286,0,0,0.99601173,0,0,0,0,0,0,0,0,0,0,0,0,0,0,0,0,0,0.00398827,0,0
Terrestrial,Birds,195,46,27,41.55555556,0,0,0.99601173,0,0,0,0,0,0,0,0,0,0,0,0,0,0,0,0,0,0.00398827,0,0
Terrestrial,Birds,195,48,28,36.07142857,0,0,0.99601173,0,0,0,0,0,0,0,0,0,0,0,0,0,0,0,0,0,0.00398827,0,0
Terrestrial,Birds,195,28,28,24.89285714,0,0,0.99601173,0,0,0,0,0,0,0,0,0,0,0,0,0,0,0,0,0,0.00398827,0,0
Terrestrial,Birds,195,30,28,61.28571429,0,0,0.99601173,0,0,0,0,0,0,0,0,0,0,0,0,0,0,0,0,0,0.00398827,0,0
Terrestrial,Birds,195,32,26,39.23076923,0,0,0.99601173,0,0,0,0,0,0,0,0,0,0,0,0,0,0,0,0,0,0.00398827,0,0
Terrestrial,Birds,195,34,28,61.21428571,0,0,0.99601173,0,0,0,0,0,0,0,0,0,0,0,0,0,0,0,0,0,0.00398827,0,0
Terrestrial,Birds,195,36,28,53.5,0,0,0.99601173,0,0,0,0,0,0,0,0,0,0,0,0,0,0,0,0,0,0.00398827,0,0
Terrestrial,Birds,195,38,28,68.92857143,0,0,0.99601173,0,0,0,0,0,0,0,0,0,0,0,0,0,0,0,0,0,0.00398827,0,0
Terrestrial,Birds,195,40,26,33.34615385,0,0,0.99601173,0,0,0,0,0,0,0,0,0,0,0,0,0,0,0,0,0,0.00398827,0,0
Terrestrial,Birds,195,42,26,30.34615385,0,0,0.99601173,0,0,0,0,0,0,0,0,0,0,0,0,0,0,0,0,0,0.00398827,0,0
Terrestrial,Birds,195,44,28,36,0,0,0.99601173,0,0,0,0,0,0,0,0,0,0,0,0,0,0,0,0,0,0.00398827,0,0
Terrestrial,Birds,195,46,26,49.57692308,0,0,0.99601173,0,0,0,0,0,0,0,0,0,0,0,0,0,0,0,0,0,0.00398827,0,0
Terrestrial,Birds,195,48,28,53.89285714,0,0,0.99601173,0,0,0,0,0,0,0,0,0,0,0,0,0,0,0,0,0,0.00398827,0,0
Terrestrial,Birds,195,32,28,68.53571429,0,0,0.99601173,0,0,0,0,0,0,0,0,0,0,0,0,0,0,0,0,0,0.00398827,0,0
Terrestrial,Birds,195,34,28,82.85714286,0,0,0.99601173,0,0,0,0,0,0,0,0,0,0,0,0,0,0,0,0,0,0.00398827,0,0
Terrestrial,Birds,195,36,28,59.46428571,0,0,0.99601173,0,0,0,0,0,0,0,0,0,0,0,0,0,0,0,0,0,0.00398827,0,0
Terrestrial,Birds,195,38,28,63.25,0,0,0.99601173,0,0,0,0,0,0,0,0,0,0,0,0,0,0,0,0,0,0.00398827,0,0
Terrestrial,Birds,195,40,28,47.42857143,0,0,0.99601173,0,0,0,0,0,0,0,0,0,0,0,0,0,0,0,0,0,0.00398827,0,0
Terrestrial,Birds,195,42,28,30.10714286,0,0,0.99601173,0,0,0,0,0,0,0,0,0,0,0,0,0,0,0,0,0,0.00398827,0,0
Terrestrial,Birds,195,44,28,87.07142857,0,0,0.99601173,0,0,0,0,0,0,0,0,0,0,0,0,0,0,0,0,0,0.00398827,0,0
Terrestrial,Birds,195,46,28,66.57142857,0,0,0.99601173,0,0,0,0,0,0,0,0,0,0,0,0,0,0,0,0,0,0.00398827,0,0
Terrestrial,Birds,195,30,28,22.96428571,0,0,0.99601173,0,0,0,0,0,0,0,0,0,0,0,0,0,0,0,0,0,0.00398827,0,0
Terrestrial,Birds,195,34,28,47.03571429,0,0,0.99601173,0,0,0,0,0,0,0,0,0,0,0,0,0,0,0,0,0,0.00398827,0,0
Terrestrial,Birds,195,36,28,79.32142857,0,0,0.99601173,0,0,0,0,0,0,0,0,0,0,0,0,0,0,0,0,0,0.00398827,0,0
Terrestrial,Birds,195,38,26,45.53846154,0,0,0.99601173,0,0,0,0,0,0,0,0,0,0,0,0,0,0,0,0,0,0.00398827,0,0
Terrestrial,Birds,195,40,28,60.53571429,0,0,0.99601173,0,0,0,0,0,0,0,0,0,0,0,0,0,0,0,0,0,0.00398827,0,0
Terrestrial,Birds,195,42,28,58.17857143,0,0,0.99601173,0,0,0,0,0,0,0,0,0,0,0,0,0,0,0,0,0,0.00398827,0,0
Terrestrial,Birds,195,44,28,95.5,0,0,0.99601173,0,0,0,0,0,0,0,0,0,0,0,0,0,0,0,0,0,0.00398827,0,0
Terrestrial,Birds,195,46,28,88.42857143,0,0,0.99601173,0,0,0,0,0,0,0,0,0,0,0,0,0,0,0,0,0,0.00398827,0,0
Terrestrial,Birds,195,30,27,33.7037037,0,0,0.99601173,0,0,0,0,0,0,0,0,0,0,0,0,0,0,0,0,0,0.00398827,0,0
Terrestrial,Birds,195,32,28,65,0,0,0.99601173,0,0,0,0,0,0,0,0,0,0,0,0,0,0,0,0,0,0.00398827,0,0
Terrestrial,Birds,195,34,28,67.64285714,0,0,0.99601173,0,0,0,0,0,0,0,0,0,0,0,0,0,0,0,0,0,0.00398827,0,0
Terrestrial,Birds,195,36,28,81.64285714,0,0,0.99601173,0,0,0,0,0,0,0,0,0,0,0,0,0,0,0,0,0,0.00398827,0,0
Terrestrial,Birds,195,38,28,65.32142857,0,0,0.99601173,0,0,0,0,0,0,0,0,0,0,0,0,0,0,0,0,0,0.00398827,0,0
Terrestrial,Birds,195,40,28,55.89285714,0,0,0.99601173,0,0,0,0,0,0,0,0,0,0,0,0,0,0,0,0,0,0.00398827,0,0
Terrestrial,Birds,195,42,28,76.14285714,0,0,0.99601173,0,0,0,0,0,0,0,0,0,0,0,0,0,0,0,0,0,0.00398827,0,0
Terrestrial,Birds,195,44,28,107.9642857,0,0,0.99601173,0,0,0,0,0,0,0,0,0,0,0,0,0,0,0,0,0,0.00398827,0,0
Terrestrial,Birds,195,46,26,48.80769231,0,0,0.99601173,0,0,0,0,0,0,0,0,0,0,0,0,0,0,0,0,0,0.00398827,0,0
Terrestrial,Birds,195,30,28,66.35714286,0,0,0.99601173,0,0,0,0,0,0,0,0,0,0,0,0,0,0,0,0,0,0.00398827,0,0
Terrestrial,Birds,195,32,28,81.21428571,0,0,0.99601173,0,0,0,0,0,0,0,0,0,0,0,0,0,0,0,0,0,0.00398827,0,0
Terrestrial,Birds,195,34,28,86.28571429,0,0,0.99601173,0,0,0,0,0,0,0,0,0,0,0,0,0,0,0,0,0,0.00398827,0,0
Terrestrial,Birds,195,36,28,46.64285714,0,0,0.99601173,0,0,0,0,0,0,0,0,0,0,0,0,0,0,0,0,0,0.00398827,0,0
Terrestrial,Birds,195,38,28,43.75,0,0,0.99601173,0,0,0,0,0,0,0,0,0,0,0,0,0,0,0,0,0,0.00398827,0,0
Terrestrial,Birds,195,40,28,48.64285714,0,0,0.99601173,0,0,0,0,0,0,0,0,0,0,0,0,0,0,0,0,0,0.00398827,0,0
Terrestrial,Birds,195,42,28,76.46428571,0,0,0.99601173,0,0,0,0,0,0,0,0,0,0,0,0,0,0,0,0,0,0.00398827,0,0
Terrestrial,Birds,195,44,28,61.17857143,0,0,0.99601173,0,0,0,0,0,0,0,0,0,0,0,0,0,0,0,0,0,0.00398827,0,0
Terrestrial,Birds,195,28,28,44.75,0,0,0.99601173,0,0,0,0,0,0,0,0,0,0,0,0,0,0,0,0,0,0.00398827,0,0
Terrestrial,Birds,195,30,26,36.11538462,0,0,0.99601173,0,0,0,0,0,0,0,0,0,0,0,0,0,0,0,0,0,0.00398827,0,0
Terrestrial,Birds,195,32,28,69.71428571,0,0,0.99601173,0,0,0,0,0,0,0,0,0,0,0,0,0,0,0,0,0,0.00398827,0,0
Terrestrial,Birds,195,34,28,73.64285714,0,0,0.99601173,0,0,0,0,0,0,0,0,0,0,0,0,0,0,0,0,0,0.00398827,0,0
Terrestrial,Birds,195,36,28,85.46428571,0,0,0.99601173,0,0,0,0,0,0,0,0,0,0,0,0,0,0,0,0,0,0.00398827,0,0
Terrestrial,Birds,195,38,28,64.53571429,0,0,0.99601173,0,0,0,0,0,0,0,0,0,0,0,0,0,0,0,0,0,0.00398827,0,0
Terrestrial,Birds,195,40,28,62.78571429,0,0,0.99601173,0,0,0,0,0,0,0,0,0,0,0,0,0,0,0,0,0,0.00398827,0,0
Terrestrial,Birds,195,42,26,60.15384615,0,0,0.99601173,0,0,0,0,0,0,0,0,0,0,0,0,0,0,0,0,0,0.00398827,0,0
Terrestrial,Birds,195,46,27,44,0,0,0.99601173,0,0,0,0,0,0,0,0,0,0,0,0,0,0,0,0,0,0.00398827,0,0
Terrestrial,Birds,195,26,27,31.14814815,0,0,0.99601173,0,0,0,0,0,0,0,0,0,0,0,0,0,0,0,0,0,0.00398827,0,0
Terrestrial,Birds,195,28,28,39.17857143,0,0,0.99601173,0,0,0,0,0,0,0,0,0,0,0,0,0,0,0,0,0,0.00398827,0,0
Terrestrial,Birds,195,30,28,57.28571429,0,0,0.99601173,0,0,0,0,0,0,0,0,0,0,0,0,0,0,0,0,0,0.00398827,0,0
Terrestrial,Birds,195,32,28,77.89285714,0,0,0.99601173,0,0,0,0,0,0,0,0,0,0,0,0,0,0,0,0,0,0.00398827,0,0
Terrestrial,Birds,195,34,28,50.85714286,0,0,0.99601173,0,0,0,0,0,0,0,0,0,0,0,0,0,0,0,0,0,0.00398827,0,0
Terrestrial,Birds,195,36,28,54,0,0,0.99601173,0,0,0,0,0,0,0,0,0,0,0,0,0,0,0,0,0,0.00398827,0,0
Terrestrial,Birds,195,38,28,78.17857143,0,0,0.99601173,0,0,0,0,0,0,0,0,0,0,0,0,0,0,0,0,0,0.00398827,0,0
Terrestrial,Birds,195,26,28,37.75,0,0,0.99601173,0,0,0,0,0,0,0,0,0,0,0,0,0,0,0,0,0,0.00398827,0,0
Terrestrial,Birds,195,28,28,40.17857143,0,0,0.99601173,0,0,0,0,0,0,0,0,0,0,0,0,0,0,0,0,0,0.00398827,0,0
Terrestrial,Birds,195,32,27,35.88888889,0,0,0.99601173,0,0,0,0,0,0,0,0,0,0,0,0,0,0,0,0,0,0.00398827,0,0
Terrestrial,Birds,195,36,28,58.85714286,0,0,0.99601173,0,0,0,0,0,0,0,0,0,0,0,0,0,0,0,0,0,0.00398827,0,0
Terrestrial,Birds,195,38,28,91.25,0,0,0.99601173,0,0,0,0,0,0,0,0,0,0,0,0,0,0,0,0,0,0.00398827,0,0
Terrestrial,Birds,195,40,28,65.64285714,0,0,0.99601173,0,0,0,0,0,0,0,0,0,0,0,0,0,0,0,0,0,0.00398827,0,0
Terrestrial,Birds,195,42,27,43.74074074,0,0,0.99601173,0,0,0,0,0,0,0,0,0,0,0,0,0,0,0,0,0,0.00398827,0,0
Terrestrial,Birds,195,44,28,54.89285714,0,0,0.99601173,0,0,0,0,0,0,0,0,0,0,0,0,0,0,0,0,0,0.00398827,0,0
Terrestrial,Birds,195,36,28,71.89285714,0,0,0.99601173,0,0,0,0,0,0,0,0,0,0,0,0,0,0,0,0,0,0.00398827,0,0
Terrestrial,Birds,195,38,28,105.1428571,0,0,0.99601173,0,0,0,0,0,0,0,0,0,0,0,0,0,0,0,0,0,0.00398827,0,0
Terrestrial,Birds,195,40,28,91.67857143,0,0,0.99601173,0,0,0,0,0,0,0,0,0,0,0,0,0,0,0,0,0,0.00398827,0,0
Terrestrial,Birds,195,42,28,80.57142857,0,0,0.99601173,0,0,0,0,0,0,0,0,0,0,0,0,0,0,0,0,0,0.00398827,0,0
Terrestrial,Birds,195,44,28,48.89285714,0,0,0.99601173,0,0,0,0,0,0,0,0,0,0,0,0,0,0,0,0,0,0.00398827,0,0
Terrestrial,Birds,195,34,28,75,0,0,0.99601173,0,0,0,0,0,0,0,0,0,0,0,0,0,0,0,0,0,0.00398827,0,0
Terrestrial,Birds,195,36,28,86.03571429,0,0,0.99601173,0,0,0,0,0,0,0,0,0,0,0,0,0,0,0,0,0,0.00398827,0,0
Terrestrial,Birds,195,38,28,104.3928571,0,0,0.99601173,0,0,0,0,0,0,0,0,0,0,0,0,0,0,0,0,0,0.00398827,0,0
Terrestrial,Birds,195,40,28,81.53571429,0,0,0.99601173,0,0,0,0,0,0,0,0,0,0,0,0,0,0,0,0,0,0.00398827,0,0
Terrestrial,Birds,195,42,28,95.75,0,0,0.99601173,0,0,0,0,0,0,0,0,0,0,0,0,0,0,0,0,0,0.00398827,0,0
Terrestrial,Birds,195,44,28,90.46428571,0,0,0.99601173,0,0,0,0,0,0,0,0,0,0,0,0,0,0,0,0,0,0.00398827,0,0
Terrestrial,Birds,195,46,26,47.57692308,0,0,0.99601173,0,0,0,0,0,0,0,0,0,0,0,0,0,0,0,0,0,0.00398827,0,0
Terrestrial,Birds,195,38,28,89.96428571,0,0,0.99601173,0,0,0,0,0,0,0,0,0,0,0,0,0,0,0,0,0,0.00398827,0,0
Terrestrial,Birds,195,40,28,100.2857143,0,0,0.99601173,0,0,0,0,0,0,0,0,0,0,0,0,0,0,0,0,0,0.00398827,0,0
Terrestrial,Birds,195,42,28,60.82142857,0,0,0.99601173,0,0,0,0,0,0,0,0,0,0,0,0,0,0,0,0,0,0.00398827,0,0
Terrestrial,Birds,195,44,28,81.14285714,0,0,0.99601173,0,0,0,0,0,0,0,0,0,0,0,0,0,0,0,0,0,0.00398827,0,0
Terrestrial,Birds,195,40,28,79.03571429,0,0,0.99601173,0,0,0,0,0,0,0,0,0,0,0,0,0,0,0,0,0,0.00398827,0,0
Terrestrial,Birds,195,42,28,101.0714286,0,0,0.99601173,0,0,0,0,0,0,0,0,0,0,0,0,0,0,0,0,0,0.00398827,0,0
Terrestrial,Birds,195,44,28,56.89285714,0,0,0.99601173,0,0,0,0,0,0,0,0,0,0,0,0,0,0,0,0,0,0.00398827,0,0
Terrestrial,Birds,195,42,28,86.5,0,0,0.99601173,0,0,0,0,0,0,0,0,0,0,0,0,0,0,0,0,0,0.00398827,0,0
Terrestrial,Birds,195,44,28,85.53571429,0,0,0.99601173,0,0,0,0,0,0,0,0,0,0,0,0,0,0,0,0,0,0.00398827,0,0
Terrestrial,Birds,195,46,28,61.75,0,0,0.99601173,0,0,0,0,0,0,0,0,0,0,0,0,0,0,0,0,0,0.00398827,0,0
Terrestrial,Birds,195,42,26,43.53846154,0,0,0.99601173,0,0,0,0,0,0,0,0,0,0,0,0,0,0,0,0,0,0.00398827,0,0
Terrestrial,Birds,195,44,26,42.42307692,0,0,0.99601173,0,0,0,0,0,0,0,0,0,0,0,0,0,0,0,0,0,0.00398827,0,0
Terrestrial,Birds,195,46,28,43.60714286,0,0,0.99601173,0,0,0,0,0,0,0,0,0,0,0,0,0,0,0,0,0,0.00398827,0,0
Terrestrial,Birds,195,44,28,66.46428571,0,0,0.99601173,0,0,0,0,0,0,0,0,0,0,0,0,0,0,0,0,0,0.00398827,0,0
Terrestrial,Birds,195,44,28,32.60714286,0,0,0.99601173,0,0,0,0,0,0,0,0,0,0,0,0,0,0,0,0,0,0.00398827,0,0
Terrestrial,Birds,195,44,28,37.75,0,0,0.99601173,0,0,0,0,0,0,0,0,0,0,0,0,0,0,0,0,0,0.00398827,0,0
Terrestrial,Birds,217,44,10,38.2,0,0,1,0,0,0,0,0,0,0,0,0,0,0,0,0,0,0,0,0,0,0,0
Terrestrial,Birds,217,46,10,32.2,0,0,1,0,0,0,0,0,0,0,0,0,0,0,0,0,0,0,0,0,0,0,0
Terrestrial,Birds,217,48,11,45.27272727,0,0,1,0,0,0,0,0,0,0,0,0,0,0,0,0,0,0,0,0,0,0,0
Terrestrial,Birds,217,44,10,49.1,0,0,1,0,0,0,0,0,0,0,0,0,0,0,0,0,0,0,0,0,0,0,0
Terrestrial,Birds,217,46,13,61,0,0,1,0,0,0,0,0,0,0,0,0,0,0,0,0,0,0,0,0,0,0,0
Terrestrial,Birds,217,48,11,56.09090909,0,0,1,0,0,0,0,0,0,0,0,0,0,0,0,0,0,0,0,0,0,0,0
Terrestrial,Birds,217,44,11,59.54545455,0,0,1,0,0,0,0,0,0,0,0,0,0,0,0,0,0,0,0,0,0,0,0
Terrestrial,Birds,217,46,13,69.61538462,0,0,1,0,0,0,0,0,0,0,0,0,0,0,0,0,0,0,0,0,0,0,0
Terrestrial,Birds,217,48,8,39,0,0,1,0,0,0,0,0,0,0,0,0,0,0,0,0,0,0,0,0,0,0,0
Terrestrial,Birds,217,44,10,74.2,0,0,1,0,0,0,0,0,0,0,0,0,0,0,0,0,0,0,0,0,0,0,0
Terrestrial,Birds,217,46,10,66.7,0,0,1,0,0,0,0,0,0,0,0,0,0,0,0,0,0,0,0,0,0,0,0
Terrestrial,Birds,217,44,9,11.66666667,0,0,1,0,0,0,0,0,0,0,0,0,0,0,0,0,0,0,0,0,0,0,0
Terrestrial,Birds,217,46,8,21.875,0,0,1,0,0,0,0,0,0,0,0,0,0,0,0,0,0,0,0,0,0,0,0
Terrestrial,Birds,333,38,29,42.24137931,0,0,1,0,0,0,0,0,0,0,0,0,0,0,0,0,0,0,0,0,0,0,0
Terrestrial,Birds,337,44,11,7,0,0,1,0,0,0,0,0,0,0,0,0,0,0,0,0,0,0,0,0,0,0,0
Terrestrial,Birds,339,54,30,14.8,0,0,1,0,0,0,0,0,0,0,0,0,0,0,0,0,0,0,0,0,0,0,0
Terrestrial,Birds,361,38,4,5.75,0,0,1,0,0,0,0,0,0,0,0,0,0,0,0,0,0,0,0,0,0,0,0
Terrestrial,Birds,363,64,20,14.2,0,0,1,0,0,0,0,0,0,0,0,0,0,0,0,0,0,0,0,0,0,0,0
Terrestrial,Birds,372,32,7,25.71428571,0,0,1,0,0,0,0,0,0,0,0,0,0,0,0,0,0,0,0,0,0,0,0
Terrestrial,Birds,372,34,9,22.77777778,0,0,1,0,0,0,0,0,0,0,0,0,0,0,0,0,0,0,0,0,0,0,0
Terrestrial,Birds,372,34,8,39.375,0,0,1,0,0,0,0,0,0,0,0,0,0,0,0,0,0,0,0,0,0,0,0
Terrestrial,Birds,372,38,6,13.83333333,0,0,1,0,0,0,0,0,0,0,0,0,0,0,0,0,0,0,0,0,0,0,0
Terrestrial,Birds,372,42,6,36,0,0,1,0,0,0,0,0,0,0,0,0,0,0,0,0,0,0,0,0,0,0,0
Terrestrial,Birds,377,32,6,48.16666667,0,0,1,0,0,0,0,0,0,0,0,0,0,0,0,0,0,0,0,0,0,0,0
Terrestrial,Birds,377,32,6,20.66666667,0,0,1,0,0,0,0,0,0,0,0,0,0,0,0,0,0,0,0,0,0,0,0
Terrestrial,Birds,377,34,6,52.5,0,0,1,0,0,0,0,0,0,0,0,0,0,0,0,0,0,0,0,0,0,0,0
Terrestrial,Birds,377,34,6,37.33333333,0,0,1,0,0,0,0,0,0,0,0,0,0,0,0,0,0,0,0,0,0,0,0
Terrestrial,Birds,377,36,6,39.83333333,0,0,1,0,0,0,0,0,0,0,0,0,0,0,0,0,0,0,0,0,0,0,0
Terrestrial,Birds,377,38,6,23,0,0,1,0,0,0,0,0,0,0,0,0,0,0,0,0,0,0,0,0,0,0,0
Terrestrial,Birds,377,36,6,38.16666667,0,0,1,0,0,0,0,0,0,0,0,0,0,0,0,0,0,0,0,0,0,0,0
Terrestrial,Birds,377,38,6,45.16666667,0,0,1,0,0,0,0,0,0,0,0,0,0,0,0,0,0,0,0,0,0,0,0
Terrestrial,Birds,377,40,6,25.83333333,0,0,1,0,0,0,0,0,0,0,0,0,0,0,0,0,0,0,0,0,0,0,0
Terrestrial,Birds,377,42,6,29.66666667,0,0,1,0,0,0,0,0,0,0,0,0,0,0,0,0,0,0,0,0,0,0,0
Terrestrial,Birds,377,44,6,20,0,0,1,0,0,0,0,0,0,0,0,0,0,0,0,0,0,0,0,0,0,0,0
Terrestrial,Birds,420,64,22,10.81818182,0,0,1,0,0,0,0,0,0,0,0,0,0,0,0,0,0,0,0,0,0,0,0
Terrestrial,Birds,420,68,12,7.833333333,0,0,1,0,0,0,0,0,0,0,0,0,0,0,0,0,0,0,0,0,0,0,0
Terrestrial,Birds,439,54,13,8.461538462,0,0,1,0,0,0,0,0,0,0,0,0,0,0,0,0,0,0,0,0,0,0,0
Terrestrial,Birds,440,54,13,20.23076923,0,0,1,0,0,0,0,0,0,0,0,0,0,0,0,0,0,0,0,0,0,0,0
Terrestrial,Birds,441,54,13,14.23076923,0,0,1,0,0,0,0,0,0,0,0,0,0,0,0,0,0,0,0,0,0,0,0
Terrestrial,Birds,442,48,6,11.5,0,0,1,0,0,0,0,0,0,0,0,0,0,0,0,0,0,0,0,0,0,0,0
Terrestrial,Birds,58,18,18,8.666666667,0,0,1,0,0,0,0,0,0,0,0,0,0,0,0,0,0,0,0,0,0,0,0
Terrestrial,Birds,67,-30,10,9.7,0,0,1,0,0,0,0,0,0,0,0,0,0,0,0,0,0,0,0,0,0,0,0
Terrestrial,Birds,67,-36,24,11,0,0,1,0,0,0,0,0,0,0,0,0,0,0,0,0,0,0,0,0,0,0,0
Terrestrial,Birds,67,-34,22,9.681818182,0,0,1,0,0,0,0,0,0,0,0,0,0,0,0,0,0,0,0,0,0,0,0
Terrestrial,Birds,67,-36,14,7.857142857,0,0,1,0,0,0,0,0,0,0,0,0,0,0,0,0,0,0,0,0,0,0,0
Terrestrial,Birds,67,-36,13,6.384615385,0,0,1,0,0,0,0,0,0,0,0,0,0,0,0,0,0,0,0,0,0,0,0
Terrestrial,Birds,67,-34,15,10,0,0,1,0,0,0,0,0,0,0,0,0,0,0,0,0,0,0,0,0,0,0,0
Terrestrial,Birds,67,-34,13,8.615384615,0,0,1,0,0,0,0,0,0,0,0,0,0,0,0,0,0,0,0,0,0,0,0
Terrestrial,Birds,67,-30,14,9.857142857,0,0,1,0,0,0,0,0,0,0,0,0,0,0,0,0,0,0,0,0,0,0,0
Terrestrial,Birds,67,-30,15,10.8,0,0,1,0,0,0,0,0,0,0,0,0,0,0,0,0,0,0,0,0,0,0,0
Terrestrial,Insects,194,44,6,133.3333333,0,0,0,0,0,0,0,0,0,0,0,0,1,0,0,0,0,0,0,0,0,0,0
Terrestrial,Insects,249,54,24,191.2916667,0,0,0,0,0,0,0,0,0,0,0,0,1,0,0,0,0,0,0,0,0,0,0
Terrestrial,Insects,294,20,8,66.5,0,0,0,0,0,0,0,0,0,0,0,0,1,0,0,0,0,0,0,0,0,0,0
Terrestrial,Insects,300,42,25,6.84,0,0,0,0,0,0,0,0,0,0,0,0,1,0,0,0,0,0,0,0,0,0,0
Terrestrial,Insects,301,38,25,11.68,0,0,0,0,0,0,0,0,0,0,0,0,1,0,0,0,0,0,0,0,0,0,0
Terrestrial,Insects,313,44,18,22.27777778,0,0,0,0,0,0,0,0,0,0,0,0,1,0,0,0,0,0,0,0,0,0,0
Terrestrial,Insects,375,30,11,18.54545455,0,0,0,0,0,0,0,0,0,0,0,0,1,0,0,0,0,0,0,0,0,0,0
Terrestrial,Insects,375,32,11,9.090909091,0,0,0,0,0,0,0,0,0,0,0,0,1,0,0,0,0,0,0,0,0,0,0
Terrestrial,Insects,375,34,10,7.6,0,0,0,0,0,0,0,0,0,0,0,0,1,0,0,0,0,0,0,0,0,0,0
Terrestrial,Insects,375,34,11,7.818181818,0,0,0,0,0,0,0,0,0,0,0,0,1,0,0,0,0,0,0,0,0,0,0
Terrestrial,Insects,375,36,10,7.4,0,0,0,0,0,0,0,0,0,0,0,0,1,0,0,0,0,0,0,0,0,0,0
Terrestrial,Insects,375,38,11,26.54545455,0,0,0,0,0,0,0,0,0,0,0,0,1,0,0,0,0,0,0,0,0,0,0
Terrestrial,Insects,375,36,11,11.27272727,0,0,0,0,0,0,0,0,0,0,0,0,1,0,0,0,0,0,0,0,0,0,0
Terrestrial,Insects,375,38,11,29.63636364,0,0,0,0,0,0,0,0,0,0,0,0,1,0,0,0,0,0,0,0,0,0,0
Terrestrial,Insects,375,42,11,56.72727273,0,0,0,0,0,0,0,0,0,0,0,0,1,0,0,0,0,0,0,0,0,0,0
Terrestrial,Insects,375,42,10,29.2,0,0,0,0,0,0,0,0,0,0,0,0,1,0,0,0,0,0,0,0,0,0,0
Terrestrial,Insects,375,44,11,16.90909091,0,0,0,0,0,0,0,0,0,0,0,0,1,0,0,0,0,0,0,0,0,0,0
Terrestrial,Vascular.plants,234,42,5,28,0,0,0,0,0,0,0,0,0,0,0,0,0,0,0,0,0,0,0,0,1,0,0
Terrestrial,Vascular.plants,240,34,13,98.61538462,0,0,0,0,0,0,0,0,0,0,0,0,0,0,0,0,0,0,0,0,1,0,0
Terrestrial,Vascular.plants,242,44,7,10,0,0,0,0,0,0,0,0,0,0,0,0,0,0,0,0,0,0,0,0,1,0,0
Terrestrial,Vascular.plants,242,44,7,6.571428571,0,0,0,0,0,0,0,0,0,0,0,0,0,0,0,0,0,0,0,0,1,0,0
Terrestrial,Vascular.plants,243,36,22,11.81818182,0,0,0,0,0,0,0,0,0,0,0,0,0,0,0,0,0,0,0,0,1,0,0
Terrestrial,Vascular.plants,248,42,13,11.30769231,0,0,0,0,0,0,0,0,0,0,0,0,0,0,0,0,0,0,0,0,1,0,0
Terrestrial,Vascular.plants,255,46,10,10.9,0,0,0,0,0,0,0,0,0,0,0,0,0,0,0,0,0,0,0,0,1,0,0
Terrestrial,Vascular.plants,329,12,6,38,0,0,0,0,0,0,0,0,0,0,0,0,0,0,0,0,0,0,0,0,1,0,0
Terrestrial,Vascular.plants,336,30,14,10.21428571,0,0,0,0,0,0,0,0,0,0,0,0,0,0,0,0,0,0,0,0,1,0,0
Terrestrial,Vascular.plants,340,34,15,12.93333333,0,0,0,0,0,0,0,0,0,0,0,0,0,0,0,0,0,0,0,0,1,0,0
Terrestrial,Vascular.plants,356,-14,10,33.1,0,0,0,0,0,0,0,0,0,0,0,0,0,0,0,0,0,0,0,0,1,0,0
Terrestrial,Vascular.plants,356,-20,10,53.7,0,0,0,0,0,0,0,0,0,0,0,0,0,0,0,0,0,0,0,0,1,0,0
Terrestrial,Vascular.plants,356,-18,23,61.73913043,0,0,0,0,0,0,0,0,0,0,0,0,0,0,0,0,0,0,0,0,1,0,0
Terrestrial,Vascular.plants,356,-22,10,18.7,0,0,0,0,0,0,0,0,0,0,0,0,0,0,0,0,0,0,0,0,1,0,0
Terrestrial,Vascular.plants,471,34,10,41.1,0,0,0,0,0,0,0,0,0,0,0,0,0,0,0,0,0,0,0,0,1,0,0
Terrestrial,Vascular.plants,502,46,5,18,0,0,0,0,0,0,0,0,0,0,0,0,0,0,0,0,0,0,0,0,1,0,0
Terrestrial,Vascular.plants,60,8,8,12,0,0,0,0,0,0,0,0,0,0,0,0,0,0,0,0,0,0,0,0,1,0,0
Terrestrial,Mammals,308,40,20,17.5,0,0,0,0,0,0,0,0,0,0,0,0,0,0,0,1,0,0,0,0,0,0,0
Terrestrial,Mammals,311,38,33,6.878787879,0,0,0,0,0,0,0,0,0,0,0,0,0,0,0,1,0,0,0,0,0,0,0
Terrestrial,Mammals,321,32,13,39.84615385,0,0,0,0,0,0,0,0,0,0,0,0,0,0,0,1,0,0,0,0,0,0,0
Terrestrial,Mammals,327,-32,17,11.88235294,0,0,0,0,0,0,0,0,0,0,0,0,0,0,0,1,0,0,0,0,0,0,0
Terrestrial,Mammals,348,-30,10,5.8,0,0,0,0,0,0,0,0,0,0,0,0,0,0,0,1,0,0,0,0,0,0,0
Terrestrial,Mammals,357,40,13,6.692307692,0,0,0,0,0,0,0,0,0,0,0,0,0,0,0,1,0,0,0,0,0,0,0
Terrestrial,Mammals,366,34,25,20.32,0,0,0,0,0,0,0,0,0,0,0,0,0,0,0,1,0,0,0,0,0,0,0
Terrestrial,Mammals,373,32,6,10.66666667,0,0,0,0,0,0,0,0,0,0,0,0,0,0,0,1,0,0,0,0,0,0,0
Terrestrial,Mammals,373,34,8,12.125,0,0,0,0,0,0,0,0,0,0,0,0,0,0,0,1,0,0,0,0,0,0,0
Terrestrial,Mammals,52,66,1,6,0,0,0,0,0,0,0,0,0,0,0,0,0,0,0,1,0,0,0,0,0,0,0
Terrestrial,Mammals,56,34,20,53.6,0,0,0,0,0,0,0,0,0,0,0,0,0,0,0,1,0,0,0,0,0,0,0
Terrestrial,Mammals,59,30,23,5.695652174,0,0,0.04,0,0,0,0,0,0,0,0,0,0,0,0,0.96,0,0,0,0,0,0,0
Terrestrial,Reptiles,275,-32,6,25.33333333,0,0,0,0,0,0,0,0,0,0,0,0,0,0,0,0,0,0,0,1,0,0,0
Terrestrial,Reptiles,316,32,18,7.333333333,0,0,0,0,0,0,0,0,0,0,0,0,0,0,0,0,0,0,0,1,0,0,0
Terrestrial,Reptiles,381,-32,7,8.714285714,0,0,0,0,0,0,0,0,0,0,0,0,0,0,0,0,0,0,0,1,0,0,0
Terrestrial,Gastropods,54,18,24,11.91666667,0,0,0,0,0,0,0,0,0,0,1,0,0,0,0,0,0,0,0,0,0,0,0