"","type","shuffID","terrwarm","terrcool","marwarm","marcool","freshwarm","freshcool"
"1","null",1,0.0012828513125575,0.000177515012875059,0.000110091308973438,-0.000168443393876556,0.000495556184845432,0.000376278452396835
"2","null",2,-0.000609933631827119,-0.000350758023679116,-3.86067235106099e-05,0.000183156234355338,0.00154761243856526,0.00103941308370092
"3","null",3,0.000863630830410547,0.000170623044498461,-0.000280713954784889,5.38204547242139e-05,-0.000233667698308775,0.00107617175819501
"4","null",4,-0.000771088615139757,0.00066129534062073,8.00172486404198e-06,-0.000159569256426775,-0.00179184005145868,-0.000308668482712518
"5","null",5,-0.000219674241513605,-0.000172077657941327,5.15203753143206e-05,-0.000309027572059102,-0.00427659356110199,-4.65629509132201e-05
"6","null",21,-0.000741128479992132,0.000127442371921568,-2.69079848199295e-05,4.14746928877445e-05,-0.00023752767675631,-0.000376995394082351
"7","null",22,-0.000160887083030863,0.000115166986937901,4.2129814845734e-07,-3.13279375594887e-05,0.00229564155646159,-0.000855035281915863
"8","null",23,0.00119509982204032,-0.000753973300060778,4.43829016576496e-05,0.000107745774589837,-0.0026951658166497,0.00296276217198699
"9","null",24,0.0004367265153959,0.000874729094462227,-9.95536889542526e-05,-0.000177752274934414,-0.00096980015667377,-0.000116465029592845
"10","null",25,0.000416122378229602,0.000613898348310297,-0.000112293317193383,-4.33084886775667e-05,-0.00108028875781424,0.000122595076200726
"11","null",41,5.76481481108847e-05,0.000177209906110646,8.09127027257207e-05,-5.14188760974121e-05,-0.000671171436532648,-0.00109720540604386
"12","null",42,0.000502688541141551,-5.66422060366056e-05,0.000236344267600761,-4.79887973052801e-05,0.00171796507118218,-0.00187485000340229
"13","null",43,0.000271118382367692,0.000133568661319356,-8.3142817737135e-05,0.000436151452362866,0.00166480763063131,-0.00137002540038148
"14","null",44,-0.000332241640510133,-0.000421090984283563,-0.000353243663305487,-1.10303395867783e-05,0.000906581020697598,-0.0017973254646531
"15","null",45,0.000251631111161701,7.52194479757871e-05,-0.000130597830941147,-0.00022532611831921,0.00155901129654131,0.000975254276506825
"16","null",46,3.88749641389895e-05,0.000113423647164235,-6.61434852925976e-05,-7.10007486873111e-05,-0.0057452526784107,2.97192769595049e-05
"17","null",61,-0.000842833947942561,0.000257891388644366,5.14732611146908e-05,0.00040337160759715,-0.00190043840366007,0.00165770151728184
"18","null",62,0.000436989435821487,-9.07622523200352e-05,-0.000203781242602813,-9.93374718541041e-05,-0.00519573985905721,0.00259116655330621
"19","null",63,0.000136823059875065,3.95111560968365e-05,6.02354563688016e-05,0.000284131673616346,0.00125906626927454,-0.000154535799608228
"20","null",64,-0.000781714990318099,0.000126298347262474,5.92607222432102e-05,0.00031693554987602,0.000342206984569161,-0.000662687160701143
"21","null",65,-0.000995601499389646,-2.26040979017631e-05,-0.000229761417037358,6.63801097631325e-05,0.00177884494286281,0.00258515884104655
"22","null",66,0.000443076639083623,0.000107801584435723,-7.09241444036124e-05,-0.00011085234267402,0.000304577048322411,0.000596307865430637
"23","null",67,-0.00060403392317781,5.61999287368292e-05,-0.000140742449746178,-0.000281138818513076,-0.00239240454436999,-8.74915036093384e-05
"24","null",68,0.000104579238378958,-0.000173752242565888,1.67630653608572e-05,4.9396838734428e-05,-0.0014339148197066,0.000351892104214383
"25","null",69,0.000195355178396033,0.000444801035122714,-3.17195622407247e-05,-8.15091278356354e-05,0.00326677853869918,-0.00108600444587568
"26","null",70,-0.00017833688935428,0.000199584433044593,-0.000149663613806407,0.000179877961770945,0.00325456044338486,7.74211606950677e-05
"27","null",81,0.000463649082754711,1.41180970288226e-05,-0.000217241092441156,-2.95628342711669e-07,0.00241243555704208,0.00481244730546928
"28","null",82,-5.65652721057576e-05,0.000216814299463848,-0.000323074375308417,5.06758811014809e-05,1.65355735735773e-05,-0.000228057670888507
"29","null",83,-0.000185697328082893,-0.000183007664457814,0.000113099309594548,-0.000131473019046054,0.000756563975586624,0.0025091797952652
"30","null",84,0.000422736757131707,0.000396803948603511,0.00011904574054993,-0.000165383261857973,-0.00183400221830084,0.00149657013067862
"31","null",85,0.000501171123600585,-0.000316373755094035,-0.000322811386654565,-0.000202894029513318,0.0022172078850527,-9.27778069458967e-05
"32","null",86,-0.000325960512016113,-0.000664385183461453,0.000215190545074171,-0.000208218774974002,0.0021778220072369,0.000459559440553158
"33","null",87,0.000454257240945705,0.000233250081451173,-2.03099534461027e-05,5.37797832958239e-05,0.00191878186228482,-0.000345396297680181
"34","null",88,-0.000548648474575283,0.000481694769056315,-0.000182314301656673,-0.000168902181420044,-0.000645197706141213,-0.000658814269741059
"35","null",89,-0.000167117598646805,-0.000767738659957263,0.000302216454126473,3.58792706074817e-05,0.0016345358620195,-0.000854001245825597
"36","null",90,0.000292610892226509,0.00020913035112501,-9.56768212258157e-05,-0.000239278954754362,0.000838772799377551,-0.00224710816400541
"37","null",101,-0.000312482225783447,0.000467451803544701,2.90055705145461e-05,4.79318885337412e-05,-0.00243849011384029,0.000917131647641101
"38","null",102,0.000203148482494508,-0.000272665886071871,-2.42002516061149e-05,-0.000226282451088929,0.000423091388768694,-0.000653390574698951
"39","null",103,0.000516353741072476,0.000212687775111909,-7.18971512694955e-05,-2.35847251880125e-05,-0.000409300527065233,-5.57613357567944e-05
"40","null",104,-0.000262893849068538,-0.000185926786361001,-0.000255008317045713,-9.9401595019837e-05,-0.00212379039127455,-0.000459917340820441
"41","null",105,0.000300576401827077,0.00060903430325327,-9.37381049184606e-05,0.000119095630910501,0.00203129410565584,-0.00111656829500432
"42","null",106,-0.000388630868286416,-2.10728813455104e-05,-0.000243760208686919,-0.000191242641330685,0.00116775275017786,-0.00262051637845233
"43","null",107,0.000658530689702777,9.69642793715838e-05,0.000223038484246368,-1.35022475134776e-05,0.000571292818204966,0.00124937185870674
"44","null",108,-2.40909322019241e-05,-0.000336239977670819,-0.000212150162169356,-0.000132118677663488,0.00326560072941125,-0.00195524705569723
"45","null",109,0.000617013050501461,-0.000532803212779076,0.000159735258809675,-0.000194497528026067,0.00286863190019598,0.00169183237659811
"46","null",121,0.000664059584004593,-0.000745635823414722,0.000390233175837507,0.000255744357887788,0.000383584641656149,0.00131006679047386
"47","null",122,9.23145025576162e-05,0.000727563680675413,-2.51009850684199e-05,-6.47879580333412e-05,0.000751567880842456,-0.000190578771080994
"48","null",123,0.000197851131105827,-0.000625533142996221,-0.000170155091441902,-0.000265542153412383,-0.00157192518802294,0.00034188581486183
"49","null",124,0.000201007763770494,-8.80122122417343e-05,-5.9572479239244e-06,8.17950181845392e-05,-0.00298523988580323,-0.00316495706388465
"50","null",125,-0.000471825707001433,0.000101662311933155,0.000256980629334549,-5.8761589891839e-05,0.00440466431438653,-0.000806213371427835
"51","null",126,-6.37088560598154e-05,0.00035405558852546,-0.000273170019945504,0.000138965949760764,0.00252756292105045,0.0016177850221313
"52","null",141,-0.000506484253836464,0.000178465350569016,7.71896788178802e-05,0.000246542019562563,-0.000192103357211886,-0.000927523701444405
"53","null",142,-0.000225589733704063,-0.000234912490053081,0.000240022791654096,-1.79016526152184e-06,-0.00172849869442359,0.000220733111860584
"54","null",143,-0.00133531970358046,6.1645190456994e-05,-6.29927130720631e-05,0.000191859130590953,-0.00134229301740225,-0.00285380797794605
"55","null",144,0.000223503706662278,-5.56399369935034e-05,0.00010859492236963,0.000361426411651988,-0.00180983727382243,0.000667861098745545
"56","null",145,0.000187373232043664,0.000167750351594036,0.000270367335578714,-0.000253001935691785,0.000148941514473416,-0.00051336083335672
"57","null",146,-0.00021344211862625,0.000312496683279421,-2.54883343487756e-06,0.000188165800611884,1.85181348816261e-05,-0.000853300309478137
"58","null",147,-0.000145516368238748,-9.31165981842677e-05,-3.61434994119578e-05,-5.42839861341581e-05,-0.000426159344466661,1.47964021103746e-06
"59","null",148,6.19073487631102e-05,0.000275411838580606,-0.000104528419626733,-3.1664033391827e-05,-0.000897192496330721,-0.00110601796292218
"60","null",149,0.00182246991434358,-0.000874742349487754,0.000269401990845296,0.000316964346380673,-0.00408440641440591,0.00299797194851705
"61","null",161,0.000283520271009831,-0.000548816634097958,0.000221249422226187,0.000282353849760317,0.000549213125122512,0.00010904656589953
"62","null",162,-0.000300904012625344,0.000311155056682838,-0.00025950791799885,-6.45016801867422e-06,2.59597556252261e-05,-0.00362633756700296
"63","null",163,-7.39546303138195e-05,0.000212858449099579,0.000201738020683801,9.25330897859079e-05,0.000928986614842171,0.000221035064566773
"64","null",164,-0.000779082782534793,2.2228328734981e-05,-2.34205582526938e-05,-7.41547981335627e-05,0.000997688990519587,-0.00135751845373209
"65","null",165,0.000729274293923099,-0.000592300006434679,0.000122708409673287,-4.21845889279916e-05,-0.000826900097301799,-0.000312538645789394
"66","null",166,0.000259458630109605,-0.000198166284659732,0.000392282769896248,-0.00011160836093515,-0.00142733619452614,-0.00061088078119469
"67","null",167,-0.000339876177676873,4.02580131149887e-05,0.000101640279956513,-8.22536512354261e-05,0.00246711681991584,0.000831190012218751
"68","null",168,0.00047612188087916,0.000250372984796991,4.61415906765896e-05,-3.74272343167316e-05,0.00166341938690056,-0.000838068930301681
"69","null",169,-0.000648313350692475,-0.000323744956263739,-7.54969217722997e-05,0.000148440828723427,0.00198918048018511,-0.00388722775579038
"70","null",170,-7.47618082159819e-06,-0.00035842737246396,0.000153524468660258,-0.000158909962418346,0.00186935772080214,0.0027614025980772
"71","null",181,0.000783961932313142,-0.00142119290388982,1.47432293055322e-05,0.000107655358689824,0.000913603553443603,0.00140928640720613
"72","null",182,-0.000192382895615265,0.000272522235916567,-0.000210586448985487,-6.45698333435409e-05,-0.000732962173914304,-0.00329506668979664
"73","null",183,0.000313405802940725,1.30089928655191e-05,0.00010041884780715,8.44618414280934e-07,-1.98182151336213e-05,-0.000657926678611451
"74","null",184,-0.000405533684418402,0.000340875773669734,8.35881858999108e-05,9.12759935108215e-06,0.00114833288945476,-0.00161951081305532
"75","null",185,-0.000316227574269791,-6.41108373521987e-05,0.000117961892941781,8.43928755659508e-05,0.00205417038252824,0.00209061184004126
"76","null",186,0.000200708600891111,6.73055007608774e-05,-0.00015755750979516,0.000187833331116901,0.000166242536968332,-0.000463079456101656
"77","null",187,-4.69055375544366e-05,0.000858339524868053,-0.000127794569639414,-9.86911783204191e-06,0.00458157944567338,0.000552085593923561
"78","null",201,-1.85173634784906e-05,0.000734902173132956,-0.000314168333272273,0.00011580552732978,-0.00203798236867685,0.0011735036036395
"79","null",202,-0.000347064322370575,-0.00123814416049898,-0.000146400188582129,-6.81419951473843e-05,0.00351782813845121,-0.00376366720346717
"80","null",203,0.000539101545509856,-3.35552009045364e-05,0.000123510742782443,-1.1929022386469e-05,0.00200300880882456,0.000203976342015199
"81","null",204,0.00070770016586897,0.000397051693169305,-4.65017571604642e-05,-3.85047227379505e-05,-0.000694435527326331,-0.000962975754296023
"82","null",205,-0.000469662346856799,0.000256819871941167,0.000255657211781552,-0.000207964325299382,-0.000328919320913555,5.49548285198216e-05
"83","null",206,-0.000822036542932227,-5.14218567983827e-05,-8.83754161819541e-05,0.000101886516965499,-0.00723550690590072,0.00171243677659137
"84","null",207,-7.6266507829969e-05,-0.000366448498037748,-5.20561060203454e-05,-1.38096222245248e-05,-0.000972084914064336,-0.00126972008857748
"85","null",208,-0.000393350688976773,0.000543411299981702,-8.43226781214342e-05,0.000212713014385441,-0.00122905775733895,-0.00301317593864713
"86","null",209,-0.000643125396379977,-6.57111345112587e-05,-0.000166650243657241,-2.74709410315579e-05,-0.000467874208168979,-0.000529967546997645
"87","null",210,0.0014394751561545,0.000414620104147238,7.95756755704263e-06,-9.33968724138496e-05,7.64109436249199e-05,-0.00278886428659901
"88","null",221,0.000268576607886913,0.000281324978088417,0.000218547559163778,0.000180917981322284,0.000216575731910573,0.00011331485244484
"89","null",222,8.27048419730757e-05,-7.20029681794646e-05,8.83673347431859e-05,0.000151009187590362,0.000883810667849601,0.000235772341868253
"90","null",223,-0.000637234745756719,-0.00103360185403688,0.000253076127436411,-2.1644849768694e-05,-0.000752717559869157,-0.00070185967459607
"91","null",224,-0.000838796843792238,-0.00019169338157119,-5.14002149993702e-05,-0.000139377293921018,-0.00134895616992909,-0.00198427846457656
"92","null",225,0.000747243691026049,-0.000145807730353765,0.000275237446019738,0.000194955650881733,-0.00145553902478873,-0.00132900502457016
"93","null",226,0.000411280064845594,0.000992292856862978,3.76888731287047e-06,-0.000164726878957759,0.000774366895661861,-0.000728505156997169
"94","null",227,0.000204272312391955,-0.000260867748932106,-3.28747556535291e-05,-6.04666784449906e-05,-0.00184225646184106,0.00304004804003127
"95","null",241,0.000629633245986456,-0.000776093347432372,-8.60244797058519e-05,-2.13654092271386e-05,-0.00122786464395099,-0.00134228317244196
"96","null",242,-8.01929470143987e-05,-0.000365071445437195,1.52073696056665e-06,-8.5569361763719e-05,-0.00235806326770258,-0.00496798545907083
"97","null",243,-0.000173844743176136,7.49833651159317e-06,0.000256474682500966,0.000489409940329884,0.00275455827495043,-0.00348483171067083
"98","null",244,6.62309098194563e-06,-0.000257976648406682,0.000399532998729054,0.000106536278840222,-0.00214702813447264,0.00173782076151171
"99","null",245,-0.000910863306877448,-0.000473873456548828,6.48215356965556e-05,-9.92005417022869e-05,-0.00127753304095092,-0.00122980251594161
"100","null",246,-9.58978678589224e-05,-0.000698154303240848,-0.000126374293522574,5.94303113692569e-05,-0.00182276742756414,0.000340427339588017
"101","null",247,0.000836281665793391,0.000350851165766029,-0.000142863514477308,-0.000511294967405935,-0.0011137847952715,0.000872972623481445
"102","null",248,0.000575944148983103,-0.000200463379277926,0.000368759436261717,0.00033619133789295,-0.00437627184500966,-0.000472868223853698
"103","null",249,0.000158809228669082,-0.000205185120810254,-0.000218033375786898,-0.000161141974496782,-0.000479957498864334,0.000996175041827755
"104","null",250,4.04688478197373e-05,-0.000418861658187949,-0.000146333733472959,-0.000159627694791609,0.0032505288638736,-0.00323360460048386
"105","null",261,2.64768897010797e-05,-0.000340477684583919,0.000225349827277643,-9.59690835167365e-05,-0.00367273606801969,-0.00478567746719467
"106","null",262,-8.77576564741131e-05,0.000706469672967743,-5.89480751929604e-05,6.26884467141757e-05,-0.00218729665551912,-0.00180393125967519
"107","null",263,-0.000350233256039112,0.000231805418574938,-0.000293403183363363,4.91177790161042e-05,-0.00031709833453103,0.00119349631853987
"108","null",264,2.33287782097334e-05,0.000285194869966247,0.000153572869474878,0.000109352025661517,0.000274026103949119,0.000633245720825743
"109","null",265,0.000257407706273819,0.00041234899833526,-8.2547315814394e-05,0.000124780664326963,-0.0014934517548518,-0.00159868231925426
"110","null",266,-0.000205083801994986,-0.00042248461082813,0.000211937043306874,-1.76743441209563e-05,-0.0024887209741678,-0.00160330513150893
"111","null",267,0.000345724964208602,-0.000623385176855545,-1.36149782738565e-05,-1.19002956364112e-05,0.00118514141376086,0.00113102381018207
"112","null",268,8.80338616044513e-05,-0.000565720807560351,-0.000116315457205347,2.3370048342304e-05,0.000923562004573628,-0.000712211816176576
"113","null",269,-0.000379248186574575,-0.000423488197287648,-8.59625345315774e-06,0.000143830421978405,0.00129097084562626,0.00105780379309569
"114","null",270,4.22118114812241e-05,-6.83074182683557e-05,0.000153506659673541,7.0582654613201e-05,0.00244210294623523,0.000499490919740295
"115","null",271,0.000526809782386108,-0.000418975227884628,0.000143716678058447,-0.000128994995576521,-0.00059290824933161,0.000886879700096144
"116","null",281,0.00044775457576179,-0.000691342344919234,0.00042780287664979,-0.000352875810783563,0.00383784954745383,-0.000378028745839348
"117","null",282,-0.000523829880746174,-0.000915850390497378,0.000134922677294116,0.000201465621609093,0.00246608949799888,0.00286841255900458
"118","null",283,8.62142577484837e-05,0.000503046108486455,2.63962275996759e-05,0.000315015158013115,-2.26679452899666e-05,-0.00159494362025533
"119","null",284,-0.000549420175510684,-0.000391741787134733,1.41123913435783e-05,3.30424254185338e-05,0.00246669719596552,-0.00083332153859384
"120","null",285,-0.00033910150902341,0.000540732172119747,-0.000138599037199902,-0.000273729323561805,0.00385460483580351,0.000242111519607291
"121","null",286,-0.000157330492246575,0.000462474034982087,0.000154046509859358,-1.40362388512502e-05,0.00267275167891974,-0.000464066043003898
"122","null",287,-0.000224460225065525,0.000117080577175568,-0.00021875629732274,-5.74772736805327e-05,-0.000524297302716322,-0.00203933709482252
"123","null",288,-2.10556115641255e-05,0.000295443433047293,5.4342649395304e-05,-8.45539594100711e-06,0.00275158082459937,-0.00201545004783519
"124","null",289,0.000523388004166976,0.000526295879957193,-1.57397586496023e-05,-1.91840161706631e-05,-0.000986871660750622,-0.00236210751815908
"125","null",290,-1.74031415947881e-05,0.00068928109198773,-0.000173060025772955,-3.40831715642966e-05,-0.000189996047149564,0.00178514416866736
"126","null",291,-0.000321554798599789,-0.000826255149991111,0.000138535327342966,0.0001296638389259,0.00213884876055177,9.4472799052055e-05
"127","null",301,-0.000295566012478125,-0.000478057186412612,1.05085887146601e-05,2.1954101905542e-05,-0.00268969881180804,1.77346530085296e-06
"128","null",302,-7.85265493177742e-05,-0.000660459096016202,-9.41009165471929e-06,5.08682145680999e-05,-0.0036588558262028,0.00060387554715851
"129","null",303,0.000175638685785132,0.000174500695083173,7.661949524377e-05,0.000144889416578079,-0.0019308825729657,-0.000413896490376417
"130","null",304,-0.000580564136084243,-0.000186310285729187,-0.000160385191136291,9.02230838104994e-05,0.0017767574661541,-0.00158558866929304
"131","null",305,0.000435741070122711,0.000235072829213333,0.000157847777815007,-0.000103060099249855,-0.000893934759170953,0.00343681042994006
"132","null",306,0.000406581578894244,-7.32890507340562e-06,-0.000147285562412696,0.000136226941305593,-0.00137134707674148,-0.000515685505387579
"133","null",307,0.000174677411505996,0.000269913445296906,0.000230420998602983,0.000104170147215623,-0.00268355728126832,-2.48038047496963e-05
"134","null",321,0.000364905383289053,-0.000133315427656184,2.76332995813141e-05,-5.49308802146465e-05,-6.26102986349427e-05,-0.00185147218231747
"135","null",322,-0.000690434038139717,-0.000650572001773597,-9.41368296355862e-05,0.000224469147123665,-0.00138634669632254,0.00028683426116749
"136","null",323,0.000192966313591403,0.000371794090727371,0.000243241155756132,0.000160010837624348,-0.00411411265412555,0.000428917971627975
"137","null",324,0.000425543829086669,0.000353392311062417,7.64751871205763e-05,0.000240726374856942,-0.000794363016648019,0.00161645520213427
"138","null",325,-0.000194122244860678,-0.000219126399691591,0.000186708584648455,-7.23935400085997e-05,0.001065589565866,0.00166205142114414
"139","null",326,-0.000400776359628241,0.000105596469409383,0.000361870382710083,-6.67246951657145e-05,-0.00295694832642212,-0.00102836903409874
"140","null",327,0.000568161577905977,-0.000385168756800035,4.42379415667629e-05,-0.000105708770234131,-0.00053362391177332,0.000618767388940176
"141","null",328,0.000194708389953352,-0.000289840104367624,6.22883889034871e-05,4.84575819370693e-05,-0.00218475650179786,-0.00323760078245911
"142","null",329,-8.35246271938767e-05,-0.000137717405036961,0.000186374530236336,0.000159942030672603,-0.00306188962052917,0.000335780601990146
"143","null",330,0.000512423081997133,-0.000254672101255706,-8.12728653893531e-05,5.61324180623598e-05,0.000910554997851993,-0.00077044271117268
"144","null",341,0.00076996190390571,8.82214554675395e-05,-4.08508306864508e-05,0.00018758558511436,-0.00260208276975096,-0.00212831517797776
"145","null",342,-0.000606758468315847,-0.000496794278068287,0.000344196240765702,-6.23586550119118e-05,-0.000561241957760284,-0.000458491490716504
"146","null",343,9.45243864662178e-05,-0.000406342233335012,1.99664794050511e-05,1.74830572814488e-05,-0.000639617170777369,6.92004775706049e-05
"147","null",344,0.000264136165974594,0.000420169876106804,2.62102898480161e-05,0.000161638880186505,-0.00157432296402644,-0.00160167896161105
"148","null",345,0.000481241168561405,-7.08823324861182e-05,-0.000168279033664781,-0.000154770437635949,0.000449756124968977,-0.00277650742722903
"149","null",346,0.000537301138586093,-6.36917714699957e-05,-2.76302742053438e-05,1.74878351760863e-05,-0.00169177883781863,8.60167724118192e-05
"150","null",347,-0.000586805871432757,-0.000262554555666665,-0.000220548256199554,-0.000192182480766532,0.00183908905494754,-0.000965071454625915
"151","null",348,-0.000878353826421576,-0.000165475248331692,-0.000158571923511254,-0.000221114490256377,0.00115341894288978,0.00182586672445658
"152","null",349,-0.000537982788681484,9.61741261558116e-05,9.47243961309941e-05,-7.87507498931204e-05,0.000723552058527485,-0.0024111021477099
"153","null",350,0.000275290882018757,-0.00026420378930198,3.78962190863023e-05,-0.000109762063077361,0.000505331272130027,0.00196585549352909
"154","null",361,2.59623125773517e-05,0.000309699375264837,-0.000190595779317954,-6.1607491182277e-05,0.000759101419934749,0.00283158872159658
"155","null",362,-0.000150691942594383,-0.000616923387861109,-0.000222041728688479,-0.000185187240750214,-0.000131734949976746,-5.60067574623364e-05
"156","null",363,-0.000669273186050692,0.000575821746521132,0.000235749095886774,-0.000289222302509299,0.00077530479489099,-0.00173559760276208
"157","null",364,-0.000116930001592237,-0.0003842189294237,-0.000190598988400642,2.6466305186791e-05,-0.00496895352047902,-0.000440068526586025
"158","null",365,-0.000990142463997613,0.000648086496395275,8.17429869996187e-07,-6.74486914257256e-05,-0.00435689048395396,0.00160860897596017
"159","null",366,0.000651411074044165,0.000569971856104359,-0.000186788912037145,7.67024423761506e-05,-0.00296694994040263,-0.00196138732069764
"160","null",367,0.000167244954913037,-0.000861124030518712,-0.000206174513442923,-1.56808961081021e-05,-0.00216138030576368,-0.000123462555110535
"161","null",368,0.000308370917276695,-0.000500556289264157,-6.02001490893249e-05,-0.000170541608501332,-0.00215881747827533,0.00105154327499609
"162","null",369,-0.000561432548166321,0.000370818742348409,-0.000226669602589966,6.93528293496851e-06,0.00114161736835416,0.00012718238407596
"163","null",370,7.05613007260157e-05,-0.000498649913228887,9.1991196974362e-05,-0.000153872266891996,-0.000281110671515036,0.00036763085597321
"164","null",381,0.000879790428438537,0.00135442615313167,0.000240609546570809,-4.15120675635182e-05,0.000846378643511253,0.000892565199747578
"165","null",382,0.000737522744987886,-0.000270412323650402,0.000162032743206772,0.00021452996490527,0.000157686994055207,-0.00188852468494855
"166","null",383,-0.000197575568584178,-8.87615024628006e-05,-0.000110217420922298,-0.000139028857477592,-0.000340972378720348,-0.0026392519652259
"167","null",384,4.78999146789727e-06,-0.00028391411666661,0.00010750947716412,-6.01101869372285e-05,0.00282832549680581,-0.0037286732705714
"168","null",385,0.00020661074440639,0.000648114130105805,0.000105461617098004,8.0223626938754e-05,0.00323602316867924,0.00218150588413731
"169","null",386,0.000166047144927674,-8.9893514046475e-05,-9.63546854315461e-05,-0.000101588886638766,0.00163863409023557,-0.000940321279269242
"170","null",387,-0.000468521840649946,3.90478570976497e-05,-5.79658979961551e-05,2.09069426870965e-05,0.000544046733150919,-0.00159207323587312
"171","null",388,-0.000823108613293818,0.000593421409852983,2.38173755883291e-05,-0.000188719927056598,-0.000842970319093026,-0.00134087747092042
"172","null",389,-0.000875446693782948,-8.95221691412821e-05,0.000156501738869871,-7.3640615076494e-05,-0.000999700955627377,0.00349097006169152
"173","null",390,0.000469876433926338,0.000500846692722351,-0.00014829005412183,-3.19049374357774e-05,0.0015088176752279,0.00299119969914429
"174","null",401,-0.000411403837179278,0.000415057571927232,0.000199073907241304,7.4872361862428e-05,0.000890279280531754,0.00491390990449024
"175","null",402,3.42020575909614e-05,0.000301231040586546,-0.000253691832446728,-0.000194922933018221,0.000495097457685636,0.00220440194750134
"176","null",403,-0.000940177712845019,0.00077126443779539,0.000166737873719442,0.000109449229821862,-0.000816650935742399,-0.00108271430200398
"177","null",404,-0.00019567329801984,0.000267643928700842,0.000204326783390613,-0.000192086859044257,-2.5978977228386e-06,-0.00278503267129506
"178","null",405,-0.00065135008150069,-0.000255216145436099,-4.0071988755815e-06,0.000170841620854618,0.000219785795584366,-0.000747795185409041
"179","null",406,-0.000207194154386722,-0.000880464014785233,0.000594851776912141,-0.000126156027668505,-0.00272370661967137,-0.000313145614875193
"180","null",407,0.000631024786668373,8.15660256734615e-05,-0.000103759334939853,6.08362273823598e-05,-0.00292562367116666,0.00245616026529289
"181","null",408,-0.000707376209931025,-0.00014823282167486,-0.000202422759088216,-2.66722584324878e-05,-0.000775168832331413,0.000294046962450672
"182","null",409,0.000141323716458881,0.000246497281967615,5.11687996713572e-05,-8.43362779335499e-05,-0.00283003909764404,0.000328959096794079
"183","null",410,-0.000510615024627122,-0.000210144455526284,0.000293045654319374,0.000255788425198804,-0.00188772660579777,0.00038663871977865
"184","null",421,0.000407720560751334,-0.000812443719483537,7.77973321575537e-05,4.77650653241236e-05,-0.00205074970671537,-0.0016850669629323
"185","null",422,-0.000445402655456951,1.94604997659354e-05,-1.21193169493247e-05,-0.000143649085976938,0.00224905230917881,-0.00240262359787192
"186","null",423,0.000284028851605402,0.000294570552502456,0.000312951279543306,5.90535881115141e-05,-0.00291365394935959,0.00265146732108031
"187","null",424,0.000190995339729987,-0.000309454900788319,-0.000198694272372045,3.95869726567137e-05,0.000904244612629863,-0.00164297353858415
"188","null",425,0.00104558291296063,4.32646592327379e-05,-1.76368552082382e-05,-0.000175082265267336,-0.000270859533056458,-0.000739249910557443
"189","null",426,0.000107544290345632,-5.63023957066129e-05,0.000134964673812907,-0.000361006715853547,-0.00200179433909683,0.000118215142783247
"190","null",427,-0.000179634312044202,0.000517484404812082,-7.9721216504352e-05,-1.4669251699296e-06,0.000537420589103683,-0.00228954672260801
"191","null",428,-0.000191354658410181,0.000114172522871204,-2.72480101231433e-05,7.91927399413564e-05,-0.00121992760145296,0.00206727956987453
"192","null",429,0.000159405391210013,-0.000999591115247947,0.000145542914678848,-0.000234334940681726,-0.00165226225040886,-0.00190667967315256
"193","null",430,0.000345530277377924,0.00039914811739258,-0.00020567896884675,-1.26539891692797e-05,-0.000489432291361685,-0.00189331767713743
"194","null",441,0.000416580808570907,-0.000100225232731947,-6.94774904166563e-05,-0.000199246469214293,-0.00260440189152105,-0.00140380453676846
"195","null",442,-0.000150256083502706,-0.000388490846891526,-9.43365866959176e-05,0.000137946253309451,-0.00537138347855715,0.00149832905864842
"196","null",443,0.000161745982751454,0.000271071449855463,-3.80330464545757e-05,0.000190160626025925,-0.00125926288043719,-0.00322494057944622
"197","null",444,-0.000300431215636034,0.000518161101690196,0.000127118006539326,0.000112496171274998,0.00390901804675811,-0.000212969524303509
"198","null",445,-0.000319361341429183,-0.000164539684286915,-7.44264156423674e-05,-0.000165676080081516,0.00042741249229083,-0.000452712702527508
"199","null",461,0.000460476652661037,0.000689922138892159,-0.000145219940361179,2.71405018727325e-05,0.00240813861957549,-0.00146839414226919
"200","null",462,0.000533179222893657,8.18305355303269e-05,0.000264261208444792,0.000213679032784458,0.00137257286009368,-0.000732765321135164
"201","null",463,-0.000477053790819877,-0.000508691710235553,0.000189253378246433,1.60477397045082e-05,-0.00137642722710506,0.00217210564536232
"202","null",464,-0.000847232315573358,0.000612258023059041,-6.98567092001721e-05,0.000358293711029384,-0.000130398400909457,3.85779714753478e-05
"203","null",465,0.000101739322665129,0.000230616255486369,0.000126707827197449,-7.42283655387339e-05,0.00347389361152086,0.00234435553764618
"204","null",466,0.000594944505451379,0.000268268732479547,0.000166935302888019,-3.96239752299963e-05,0.00103285760798102,0.00138907208739203
"205","null",467,-0.000228871368424403,-7.47844190192767e-05,-0.000111379348071157,0.000153746430197489,-0.00117224835591091,0.00148707832781671
"206","null",468,-0.000671450151382192,-0.000100129419882284,-0.000112648753677789,-0.00011254544822207,-0.00359404732377699,-0.000493216646928854
"207","null",469,0.00126031770817493,-0.000846408544969853,-1.24678726387669e-05,-8.64284953693735e-06,2.83910330203245e-05,5.66375371651849e-05
"208","null",470,-0.00104508380295681,-0.000495039542177548,-0.000201473752874881,-0.000130748338870567,0.000383470708458103,-0.000302201530851104
"209","null",471,0.000116048424926438,-0.000392963667638028,6.84807194400257e-05,-0.00023471629723296,-0.00510167047379371,-0.00398090084553488
"210","null",481,7.32486095519245e-05,-2.63027043474577e-05,-0.000133252851524259,-8.64124755646702e-05,0.00386389672700075,-0.0013161028850928
"211","null",482,0.00115975228677888,0.000386036461006262,0.00015168620030117,5.08721981032418e-05,-0.000943816315192008,-0.000760928518244121
"212","null",483,8.28177131695071e-05,-0.000905015003885611,-0.000315923427184746,1.6693954685033e-06,-0.00130027958791185,0.004040077273196
"213","null",484,-0.000749205188021235,0.000439345140112731,-0.000219103400542609,0.000176308365444804,-0.00156109580288139,0.000354116825045121
"214","null",485,-0.00068424707314839,-0.000201995069893146,-0.000168619167477976,-2.70885600418433e-05,-0.00137485615233842,-0.00163836693955024
"215","null",486,6.89820765702932e-05,0.000139541094755228,-0.000203657010487785,-0.000317525484064152,0.000130914676780193,-0.00031248090766751
"216","null",487,-0.000184334575003104,0.0010671602588642,7.8430949631933e-05,0.000143192775180674,-0.00118210962090308,0.00149399623187136
"217","null",501,-0.000651342059676603,-0.000132388478447226,-6.39830261123156e-05,-7.95992693824815e-05,-0.00459868287357015,0.000207861290339721
"218","null",502,0.000589578267184812,0.000487919518323594,-0.000444712388991577,-0.000167704974212426,-0.000155149103357367,-0.000204298061525909
"219","null",503,-0.000415049180410211,0.000370968907106251,-2.91170992113862e-05,0.000267447878935526,0.0010036185085698,0.00021861724033064
"220","null",504,0.000514597316637887,-0.00111811381415497,-0.00014353169603652,0.000138510717582871,-0.00154079591088604,-0.00124485784922406
"221","null",505,-0.000541653204957472,-0.000193815715509187,0.000127453242660616,0.000126983531222399,0.00292619890650942,-0.00129623198236224
"222","null",506,-0.000241414861374132,-8.07279351872155e-05,-0.000301765794984673,0.000100898574740656,0.00714240167134214,0.00149975688393007
"223","null",507,0.000138319802585359,0.00020503845656427,5.98510642114172e-05,0.000115889535622202,-0.00291733465532187,-0.000480219623508219
"224","null",508,-0.000689683061392167,-0.000349669964218681,5.76143159694091e-05,0.000143373448743554,0.000414679827395414,0.00403602899192636
"225","null",509,-0.000144372000201212,0.000274030617810793,5.64169448248596e-05,2.14359316063044e-05,-0.00147971222944889,-0.000168270151595852
"226","null",510,-0.000162569722508742,8.19257010071927e-05,-0.000184055082231422,0.000132128690796604,0.00342452378465538,0.00126217522120374
"227","null",511,-0.000759438728495916,0.000526822294750686,0.000189545849469991,2.25363653662436e-05,-0.000955231243790381,-0.00125749062214129
"228","null",521,3.05090231941818e-05,-0.00022151869521845,-0.000177128669989468,-5.50858692583889e-07,-0.00116341721492039,-0.000605469695421468
"229","null",522,0.000272997007800138,-0.000147974296877677,4.96391463179829e-05,-1.9310127673821e-05,-0.00143246401770475,0.00257300016348131
"230","null",523,0.000477578117899258,-1.46483342752372e-05,0.000112178073943565,9.51160335894879e-05,0.00354656069064818,-0.000538769305001135
"231","null",524,-0.000140406336665592,0.000689681972631402,-0.000288181403193332,2.47827612019318e-05,0.000764958683607772,0.000823065308654588
"232","null",525,4.74809457006714e-05,-3.26377444993411e-06,-0.000146651740670497,1.13364828649555e-05,0.00214948941963131,9.38652396878204e-05
"233","null",526,-0.000153689253008034,0.000102649581241958,-0.000414510218021234,-0.000245130320742618,0.00193399373303623,0.00349633616807696
"234","null",527,-0.000570587416520051,-1.04138820209157e-05,1.73530833573646e-05,0.000133368753496535,0.00236355275394986,0.000990520328491526
"235","null",528,-0.000376018837331649,0.000197022541137735,5.45399743009983e-05,0.000164488603112869,-0.00208890149661073,-0.00159916737892715
"236","null",541,-0.00129009030743198,-0.0010283925562592,-0.000429430197878373,-0.00024681644088417,0.00461574010978066,-0.00034976946841294
"237","null",542,1.67401881533568e-05,-0.000326667083919867,-0.000151223568504062,0.0001023229193792,-0.00075401814408425,0.00289360541174731
"238","null",543,0.000522518544370507,-8.37184732415452e-05,0.000108054930433953,7.8870612570538e-05,0.00256095760329186,0.000638278609615888
"239","null",544,0.000500119625662272,-0.000265944775825564,0.0001350513667777,0.000327405201077623,0.000742851486522887,-0.00174758538002488
"240","null",545,-8.4448346954994e-05,0.000125970236273627,-1.31251931837296e-06,0.000105440262021364,0.000397214119350509,0.00264823655533839
"241","null",546,-7.41076816712316e-06,-0.000306852238228828,-0.000238554966028015,2.51164021798845e-05,-0.0018761563721915,-0.00180171274233067
"242","null",547,0.000317188874555676,-0.000358969143395719,-0.000183849090046498,-0.000255742553268369,0.00180806815342419,0.001703325192285
"243","null",548,0.000194505550172273,-3.06127683051107e-05,0.000197888497471553,-9.5417995241345e-05,0.00040437310539945,0.00242080762716145
"244","null",561,-0.000236139790101477,0.000359739251954343,-0.000128158349030676,0.000265513296377719,-0.00183513365738154,-0.000298664282831625
"245","null",562,-0.000322456084340719,0.000373465978228835,0.000183098577634715,-0.000147126605883454,-0.000341675273191729,-0.000415361764013366
"246","null",563,0.000382200593543146,0.000923719933240734,-0.00012477759030275,-0.000148776456290557,0.00549416838116044,-0.00173419304474825
"247","null",564,0.000595655562822868,-0.000627864156554205,0.000199799840253356,0.000112685863581796,-0.00297341597013701,0.00371485720802028
"248","null",565,-0.00018865335858847,0.000431932720698407,0.000160072954183571,0.000219542755913048,0.00173603491682742,0.000358143117591356
"249","null",566,0.000788155508360464,-0.000370111814931393,-3.16236618088614e-06,8.24754419929007e-05,-0.0023712250651264,0.00307961240850535
"250","null",567,-0.000841815297547666,0.000463689293319289,-0.000135241860473019,-0.000355260353739466,-0.000684026304419069,-0.000510845676464268
"251","null",568,0.000689171420993333,0.00014668360298682,-0.000217256714221708,0.000141589425349395,-0.00199201473758144,-0.00384839613364796
"252","null",569,-0.000549255366050546,0.000246709757247326,0.000108859939600178,0.000102064543407902,0.000346666288837064,-0.000980565289814553
"253","null",570,0.00064422167186969,-0.000258643620522643,7.97202186445105e-05,3.87942837045625e-05,-0.000809122477927556,0.00639314568640162
"254","null",581,-0.000643439317081925,0.00038479779772544,-9.71267934529395e-05,0.000104148560843454,-0.00239254440537328,2.29957126961957e-05
"255","null",582,-0.00107483440787863,0.000838098805873088,-0.000164161531319082,9.55720710214376e-05,0.000333954808273015,-0.000581386832152889
"256","null",583,0.000821385212013464,-0.000253318001107129,0.000373354652111613,0.000265882503737036,0.00165619233292282,-0.000827497271552343
"257","null",584,-0.000222184632633609,-0.000173916014083212,-0.000114090617101118,5.24292171230285e-05,0.000504758122069804,0.00327672446250726
"258","null",585,-0.000611607853066531,-0.00020145279425162,0.000271810393634416,-5.54297936044162e-05,-0.000856403759111717,-0.00131853049656458
"259","null",586,0.000969527490188027,-9.9617908174719e-05,7.31188460959419e-05,6.17768311707621e-05,0.00235362304193413,-0.00144659811043066
"260","null",587,0.000743442551610991,0.000655670856242737,-0.00010239895932992,0.000168527188596984,0.00355228683639993,0.00182382900189484
"261","null",588,-0.000369951940125245,0.00040942746346929,0.000420881925034997,-0.000167022377194403,0.000737330373886108,-0.00304912606353976
"262","null",589,-0.000671221118147657,-0.00014263216212675,-7.55142409840279e-05,0.000150680051621738,-0.00115623809826098,-0.00264619001831665
"263","null",590,0.000141046963366428,-0.000497934294744905,7.74087043313259e-05,2.48460049881762e-05,-0.00216191925864625,-0.00504660535559877
"264","null",601,0.000648903297948024,-0.000744721292103139,0.000208373516722599,0.000337548893096101,-0.000902923567353862,1.0781040319465e-05
"265","null",602,-0.00016415580081385,-0.000111587216536458,8.31658403101819e-05,-9.63198831978808e-07,0.00125436230957441,0.00163640462491161
"266","null",603,0.000305486845703328,-0.000623438645685555,2.53244148487243e-05,0.000145676518096417,0.00278996583711848,0.00362294468586206
"267","null",604,-0.000673260353231467,0.000459680774538939,1.94085071747169e-05,0.000404383045686783,5.95516548010645e-05,0.00104468497246677
"268","null",605,-0.000389105380198225,-0.000620966535781578,-0.000203555003292894,0.000282220818314405,-0.00101604299902122,-0.000646842831458487
"269","null",606,-0.000482354810466885,-0.000391905412774064,-0.000251461609789214,-0.000272774375564285,0.000742529699769765,0.00240965490718922
"270","null",607,-6.77794910255746e-05,0.000341227959237471,-9.6890449384588e-05,-2.25252607741202e-05,0.00036880565317487,0.0019164325866383
"271","null",608,-0.000113072173610598,0.000507859842888422,-0.000131798873134314,5.2688542888491e-06,0.00323681567762118,-0.00144607541003156
"272","null",609,0.000576087839981534,-0.000204736246427057,6.82226998321429e-05,0.000195317790954475,0.001253789835657,-0.00204826704840725
"273","null",610,0.000171906090385123,0.000132814267040161,5.51457434778697e-05,0.000252527543959514,0.00139678845355768,0.000859832474130284
"274","null",611,-0.000333836927534155,0.000169943416707438,0.000358422023213334,0.000386381558464108,0.000472043679902106,-0.00322662392970629
"275","null",621,-0.000257083832434956,0.000222745230378582,-0.000140444210472554,-2.07603923322346e-06,0.00189502365889371,0.0024091803945166
"276","null",622,0.000231684059188232,-0.000308154507423049,-0.000105375207553414,-0.000254942880306347,0.00231102159795456,-0.000417265638478964
"277","null",623,0.000509714848821668,-0.000421911220597743,0.000144298318601125,0.000177480494280739,0.000320855620700125,-0.00209206904845065
"278","null",624,-0.000221138993917599,0.000410377342157787,-0.000173256051906341,1.69700915785288e-05,0.00204734560847037,-0.000568407562200178
"279","null",625,-0.000639018112243624,-0.000161553531932396,0.000352356099011938,0.000128892168925888,-0.00257251759958202,-0.00166885496425207
"280","null",641,0.000108483234273933,0.000309945349125986,-0.000216161009777636,1.41242353136639e-05,-0.00115013812162037,0.00148229193925673
"281","null",642,-0.000161413577281369,-0.000596164478688648,6.5316573860312e-05,0.000270119011797383,-0.00152079843710571,-0.000615800754462344
"282","null",643,0.000114752091566876,-0.000434696452834882,0.000340489327962369,-0.000135411371406567,-0.00146464831499033,0.00202487882145304
"283","null",644,0.000270668741591614,-0.00047625970148141,8.0461034157821e-05,-8.23466488009716e-05,0.00297311571777278,0.000545113045931545
"284","null",645,-0.000410289270168258,-9.2617358991436e-05,-2.49641332614775e-05,-9.21971120772688e-05,-0.00300961821199901,0.00150122264745179
"285","null",646,0.000854439582994632,-0.000345918013432794,-0.000192916233399946,1.70147135223022e-05,-0.00161292362363115,0.0017730065781603
"286","null",661,0.000267780675842282,0.000156471232150573,-0.000261070766899057,-0.000114091504075974,-0.0010360970416409,-0.00104322122316614
"287","null",662,0.000238651407481929,-4.83574974499748e-05,-9.62856518941783e-05,-0.000270270614019248,0.00125514233455082,-0.000498160231955779
"288","null",663,0.000492214577127897,0.000838017540828244,-4.60929569963973e-07,0.000143110066360642,0.00111485298326864,0.00103737620413309
"289","null",664,-0.000220988772115832,0.000299317532193795,0.000168191378550859,-4.29292221314951e-05,-0.00359739654530359,-0.00137355536599003
"290","null",665,-0.000518172929174189,-0.000418224341705884,0.000180931064071652,-1.01850281715633e-06,0.000173172169870129,-0.00396921705904218
"291","null",666,0.000181979517559371,0.000344517510457075,5.41281072031964e-06,0.000180863820554689,-0.00245634221815431,-0.000548272548561125
"292","null",667,-0.000548711573752514,-0.000220623085526606,0.000129721558022976,-0.000219584054139832,0.000194727950957558,0.0020960365026746
"293","null",668,-8.36519913261573e-05,-0.000390871311889127,-9.78063110981053e-05,0.000151287917111026,-0.000363776528791365,0.00192248145828962
"294","null",669,-0.000246976652377743,-2.1309688941501e-05,0.000367221908265033,7.19931735621726e-05,0.00141166235279909,-0.00223918003798826
"295","null",670,0.000124037325177421,0.00100188100068165,-0.000253234477826152,-0.000112570916891092,5.12404733481058e-05,0.0041321564168591
"296","null",671,-0.000439837887079782,0.000259256188859135,2.95654030138948e-05,-2.8599225743046e-05,0.000781630521821418,0.00146964939856872
"297","null",681,6.08379838071476e-05,0.000504023242037728,0.000112498730902199,-0.000119596638740669,0.00202632647580987,0.00158482663460981
"298","null",682,0.00037916977378845,0.000462708288943233,-0.000154763058572224,-0.000117055973230837,-0.00729077075633245,0.00173728586164231
"299","null",683,8.72658634903181e-05,0.000219357420728732,0.00018050134814475,0.000322817663850334,-0.00188353727512975,0.00166603569514976
"300","null",684,0.000267921243311394,-0.00026936269622446,0.000171776491211861,0.000308110793371212,0.0023089836832738,0.000762986117386836
"301","null",685,8.97295717147411e-05,0.000738565686917289,0.00037090315587786,0.000165987294834018,-0.000257359470229476,0.0017441310336495
"302","null",686,-0.000389215359247904,-0.000290450571226958,0.00025438231675454,-8.3605942557985e-05,-0.0027098172527787,0.00211198452333728
"303","null",687,0.000160115424106302,-0.000190973496172131,4.90878201130642e-05,-9.20945770373208e-05,-0.00122613559629483,-0.000264137909525271
"304","null",701,0.00124859328683868,0.000353649089430054,0.000280015119707911,-0.000106568735918064,-0.00203652352814415,-0.00649903887854599
"305","null",702,8.16506039590827e-05,0.000252742780999768,0.000328397748386552,0.000256938918762587,0.000763189069438673,-0.00168505589180041
"306","null",703,-0.000548144049692699,-0.000533017839924534,-0.000209305164793838,-3.33082307699111e-05,-0.00193833970394543,0.00120309873997188
"307","null",704,-0.000975096703688783,-8.07605572365044e-05,0.000106110747973094,2.33700863722376e-05,-0.000529601715839873,-0.000682429368599975
"308","null",705,7.31254189767213e-05,0.000349848716666567,-0.000199339958492932,6.72525042995609e-05,0.000871155654185538,0.00178064254598401
"309","null",721,-0.000584018276246457,-0.000136822734475036,-1.26690324524456e-06,4.42244850850434e-05,0.000902888637461357,0.00317333436550252
"310","null",722,-0.000553017775955918,-0.000489941694129853,4.14467674000232e-05,9.34693907068549e-05,0.000653741239545409,-0.00218991883204144
"311","null",723,-0.000285246364336129,-0.000458046515290891,-0.000278516429272391,-0.000220535950340884,0.00192465455783216,-0.00360241505014571
"312","null",724,1.35580896912432e-05,-0.000447434960564316,0.00017564488735409,-0.000284911603099927,-0.000330696530432755,-0.000791980750344635
"313","null",725,-0.000167083587030051,-0.000446329940979187,3.94636978279759e-05,0.000154977552966484,-0.000440063131704551,0.0015424611355412
"314","null",726,-0.000623157876434504,-0.000300949296579051,-6.04139470938555e-05,-3.56820414553313e-05,-0.000331210815126925,3.66402469938882e-06
"315","null",727,0.000537104791102711,0.000597657272904325,0.000212284802691746,6.66915300596049e-05,-0.00135114986595441,-0.00167398470915482
"316","null",728,-0.000582296683881736,0.00058801374970353,-0.000172874794078099,-9.75433404669134e-05,0.000848566505114645,-0.000771485602139965
"317","null",729,-0.000261515083124147,-0.000952039315037676,-7.09219658905818e-05,0.000142656982552005,-0.000603140678534926,-0.000328552660632538
"318","null",730,0.000547648318735314,0.000233473526369376,-0.00025064215135422,-0.00015868585226711,2.85729595500017e-05,0.00300964539364794
"319","null",731,-0.000321563338408734,-1.05062630654365e-05,3.99373390941275e-05,0.000155935191145892,0.00461196793047894,0.000680776035994302
"320","null",741,-0.000847067485442057,0.00122005161196342,0.000200930212601394,-0.000396086693194025,-0.00316742094367498,0.00165083354177845
"321","null",742,-0.000474231038714867,-0.000343127460329602,5.93720685246783e-05,-3.1165704123538e-05,0.0023800856747219,0.00409471751555743
"322","null",743,-0.0004423260283976,0.000591096212612412,-0.000178876104461873,3.34170730417837e-05,-0.00197498944061633,-0.000914919147311222
"323","null",744,-6.32306871490709e-05,-0.000126970287464074,5.74952834175671e-05,4.83804995305077e-05,-0.00149770278459316,-0.000261781535371802
"324","null",745,-0.00103201209292842,-0.00110679490839361,-6.63394161079252e-05,9.44415833127668e-05,-0.00146748561458659,-0.00276953961241689
"325","null",746,-0.000629062986805711,0.000416809395501596,-0.000324639835724739,-0.000349141954578178,0.00171682412023196,0.00232215391901805
"326","null",747,0.000469056213310331,-0.000365373024625105,9.23742185117792e-06,-0.000121947805993819,0.00307869210728476,3.91926944468234e-05
"327","null",748,0.000530851792936468,0.000245155419190664,-4.78154032049284e-05,-0.000171788434887781,0.0023071219676593,-0.000543930085753851
"328","null",749,-0.000345433083005473,-6.58613988900716e-05,-1.82012633900539e-05,0.000329238989423246,0.00162178520906137,-0.00250417673580442
"329","null",750,4.28376485689704e-05,-4.37484109505325e-05,-0.000227758568317213,8.35395868617484e-05,-0.000317551345619228,-0.00109044640194385
"330","null",751,0.000206797638799512,7.65675066058962e-05,6.72690151786017e-05,0.000194233446948924,0.000387904859108094,-0.000668525058266437
"331","null",761,0.000377421740679164,-4.55817591032983e-05,0.00022171793541722,1.05399087581445e-06,-0.00317658180007402,0.00123402866987576
"332","null",762,0.000796141871177161,0.000646400881228742,0.000201794696627547,-5.02636145091382e-05,-0.00360833558737102,-0.00127639304229284
"333","null",763,0.00097704648976007,5.73197341140705e-05,-0.000140017895006313,-0.000218137762734424,-5.06065467709325e-05,-0.000773458614778272
"334","null",764,0.000700149254697787,-0.000102085778096781,4.29761253517492e-05,-3.98486216649124e-05,-0.000442182628663238,-0.00394178107998726
"335","null",765,-0.000760055166230389,-0.000544115172979038,4.13431553609047e-05,-0.000100499408663976,0.00336692210336463,0.000809196573138619
"336","null",766,-0.000614489717873951,0.000253893956750947,-0.000173619643496125,-0.00018847478268651,-0.00110036373998927,-0.00119147825758321
"337","null",781,-0.000330350848720291,0.000794255270290632,-5.64911471983998e-05,-5.64301588635975e-05,-0.000114116911578787,-0.00154958062421088
"338","null",782,-0.000302584223231002,-5.50363280454667e-05,4.1157584120419e-05,4.67259931427362e-05,0.000218641883799179,-0.00153801840055366
"339","null",783,0.000185085436425914,0.000358119723639049,-0.000249430178026584,3.55856274580036e-05,0.000229779736286537,-0.00117474406634736
"340","null",784,0.000760663151900644,-0.000338393344222233,-0.000157727777823102,0.000296877972470241,0.000667684230534423,0.000521928213258083
"341","null",785,-0.000374407997170105,0.000340578797159249,-0.000136333562438251,-0.000103513789625741,-0.00212914109970122,-0.00314776509489374
"342","null",786,-0.000467311341311383,0.000517598062256891,0.00015771701919561,-0.00036406058314893,-0.00133715184200635,0.000402015583250381
"343","null",787,0.000310038363181461,-0.000225409915973285,-0.000279435335843351,8.53904374539817e-05,-0.000951818894279965,-0.00238904522060317
"344","null",788,0.00027281251169586,-3.73296196990457e-05,-0.000233017866876112,0.000131896004654432,-0.00139709685045909,0.00189985572572112
"345","null",801,-0.000285991694985731,-0.000264641993648824,-0.000222926269502468,-2.68008421077637e-05,0.00231359134713745,-0.000745412318675824
"346","null",802,0.000637383019829831,0.000759206207014099,0.000346098632223998,-0.000118299580680288,-0.000757323357782081,0.00273103165345188
"347","null",803,-0.000581179237052804,0.000251816539239625,-0.000125501418757316,-5.79845177167311e-05,0.00300468597370103,-0.000474697058801343
"348","null",804,8.43426164861213e-05,-1.46327243161334e-05,-1.65307145552791e-05,-4.82115988029142e-05,-0.00165308584847777,0.000259955067647299
"349","null",805,0.00015977821978099,0.000194534933755782,-0.000243510244315949,-8.65877572480111e-05,0.000402738503235543,0.00135405290005301
"350","null",806,0.000924967317407681,0.000386116913264948,-0.000345203753684188,6.9207420397994e-07,-0.00133571715941429,-0.000582002259774178
"351","null",807,-6.08496155891916e-06,0.000272503931725447,-0.000273536330494731,-7.28211677585807e-05,0.00320099570378766,0.00434963546878831
"352","null",808,0.000315389678383192,9.93065005257821e-05,-9.04620815675742e-05,-0.000126454538090956,-0.00163084757652727,0.00330019814105558
"353","null",809,0.000788362488214884,0.000395001771915829,0.000255112841478932,0.000279978696724578,0.00593905757965123,-0.000616520600272675
"354","null",810,0.000533412108982783,0.000178785791870964,0.000202265086003749,-5.38223825269516e-05,0.000921437559092508,-0.00287446130015499
"355","null",811,0.00122101947301994,0.000485846862872049,-9.63758307468534e-05,7.30226316704734e-07,-3.9844154189873e-05,0.00125690859850235
"356","null",821,0.000354131747036997,-6.25231632610093e-05,1.32634379126075e-05,-0.000254377581189655,-0.000639673787274705,0.00133854492444048
"357","null",822,-0.00113509248677512,-0.000694156235692892,0.000376631692242127,-6.93958781296455e-05,-0.00212742303687466,0.00182640708828315
"358","null",823,-1.7235013388229e-05,0.000406595608106124,0.000247040663723922,-1.78473246352541e-06,0.000169141363743315,-0.000879504139633105
"359","null",824,-0.000835824895496224,0.000168106919143842,0.000133095289739984,2.63057454907515e-05,0.00185014925560201,0.000909170373183348
"360","null",825,-0.000899135209831424,0.000239039218547027,-4.49505559286741e-05,-0.000218851218651603,-0.00278993435725985,-0.000615038446090307
"361","null",826,0.000373095985035079,-0.000320545853444329,7.28436531209159e-05,0.000366623601544181,-0.00123878730850437,-0.000705198417866803
"362","null",841,-0.000664008177822354,-0.000433497911119184,-0.000107898964544373,6.94631914652696e-05,-0.00232827320094177,-0.00126790759245623
"363","null",842,-0.000292697004779766,-0.000297243613802699,-0.000106634548792471,-3.8170303418602e-05,0.00253071502956376,0.0017841742565585
"364","null",843,-0.000548857016674683,0.000162938207172483,-0.000114544669924837,-0.000283341780729077,0.000531397084271992,0.00143984523055852
"365","null",844,0.000502036494432995,0.000178746267264204,0.000115128946912284,8.39379446704765e-05,0.00417779997630236,-0.000835962365420332
"366","null",845,0.000341452401949776,-0.000295505819546163,0.000133557317744155,-9.93811331713288e-05,0.000108717327713076,-0.00273205818061799
"367","null",846,-0.000105482986222478,-0.000509220177126265,-0.00017522519490585,4.6659760586466e-05,-0.00360329700264913,-0.00549875487011509
"368","null",847,0.00028559124596725,-1.45302924573847e-05,0.000193039338805507,0.000228685262669671,0.00101764411895801,-0.00106408153228548
"369","null",848,-0.000393835064472889,-0.000680745296758518,-0.000214403219400095,0.000161000944349776,-0.000376654393242148,-0.00447034567449505
"370","null",849,-6.68099126786237e-06,0.000331851946778462,-0.000129040703933036,0.000118714548959032,-0.000982905895684218,-0.000271368308536934
"371","null",850,-0.000787226000194826,-0.000435312473161698,-0.000114762363196594,-0.000237661076666138,0.00160251529803467,-0.00169500523446338
"372","null",861,0.000623583406483489,-0.000583967397160085,3.23844479732023e-05,-0.000206504083085518,-5.04615848275737e-05,-0.000158893490998578
"373","null",862,-0.000499729217478974,-0.00033931895980951,5.31701183904456e-05,0.000123463668351046,-0.000496772078298014,3.74328126700418e-05
"374","null",863,-0.00025505611596711,0.000500292675343655,-0.000200033833078089,0.000170550673075126,-0.00271828778172821,0.00446267202571764
"375","null",864,-5.53108204090527e-05,-0.000114868946203028,-0.000289575677913438,-6.49092364377938e-05,-9.76110589702052e-05,-0.00193321841645372
"376","null",865,0.00037734501484414,0.00038609314208045,-0.000488674133203434,-7.76878926477941e-05,0.00406961679564814,-0.00240165381689844
"377","null",866,-0.000803479466110868,-4.15097536968203e-05,0.000441579414948524,-0.000278205810299473,0.000917247199100578,-0.00150317450514061
"378","null",867,0.000128285109750077,1.78608627657924e-05,-3.398137293731e-06,7.47806659306049e-05,0.000768814834432109,7.62519105697907e-05
"379","null",868,0.000352147818968527,0.000329038502596858,0.000108656414726623,0.000203029651352638,-0.000428802070114175,-0.00206269525833132
"380","null",869,-0.0003615819146987,2.24177523140198e-05,-2.02795583623027e-05,-0.000405665441969337,-0.000302472410996175,-0.000690432020205205
"381","null",870,0.000107718095270377,4.07134461614813e-05,0.000257608960598266,0.000141477079125389,-0.00141430539372113,0.00152806620898944
"382","null",871,0.000672979019065376,0.000440750941082424,-0.000112124678968198,-3.34886307294379e-05,0.000265102273940388,-0.00108731584534806
"383","null",881,-0.000346035734159381,-0.000299337946755294,0.000181517670017825,0.00017719909304623,-0.00356614666359023,0.00099894523935913
"384","null",882,0.00059435805117612,6.81422142924941e-05,0.000168870564060472,-2.84210345973514e-05,-0.00430784905331669,0.00414782811741185
"385","null",883,0.000156612143036482,0.00107512098426033,4.72720777827901e-06,0.000202141803646743,-0.00177620508927866,0.00121516553034883
"386","null",884,-0.000556301414757058,-3.41478140486337e-05,-3.78977433556719e-05,-0.000257355916253048,0.00214907689624133,-0.000992080655565906
"387","null",885,6.04589795121058e-05,-0.000250538963793119,-0.000316537125610489,-5.29317316566396e-05,-0.00203696878203985,-0.000550841490300297
"388","null",886,-0.000537961461832253,0.000267449359222098,7.19530261139464e-05,0.00019487005618452,-0.000395288860279738,-0.00167839056755911
"389","null",887,0.00026092888556326,-0.000337439537928306,0.000295940760733958,-2.42576930395077e-05,-0.00302987041062426,0.00127594984769196
"390","null",888,0.00022753158876691,-0.00014303157417103,-0.000248204107099108,0.000180451144049776,0.00101401488488425,-0.000646465389056763
"391","null",889,0.000601767113327057,8.23641598964709e-05,-0.000174262158726147,-2.95248979784522e-05,0.00403823723171237,0.00154670301743891
"392","null",890,-0.000167920447674881,0.000794202665752352,0.000165873330099818,0.000296641487758868,0.000513975018609315,0.00101287278315877
"393","null",891,-0.000592408426393126,-0.000544863462258481,0.000116309629240776,1.23517122543826e-05,0.000960225712995243,-0.00229824565676078
"394","null",901,-5.86427902112986e-05,0.0006988455168757,-6.53150508043473e-05,0.000110246718653519,0.000227891216209567,-0.000832263776028596
"395","null",902,0.0014440768848226,0.000648676199622327,-1.56380729101333e-06,0.000238531719203526,0.000749545082730059,0.00160653010015913
"396","null",903,0.000174155225305255,-0.000183150477687024,-0.000145235575960259,0.000278080717556763,0.00318226798480212,-0.00116533468080635
"397","null",904,-0.000328595045672136,-0.000604496375005565,0.000185815101921189,0.000189352151080162,0.00488841373107756,0.000883738922293977
"398","null",905,-0.000350669180979389,0.000494218925532839,0.00015430287993162,-0.000408937627695727,0.00438032458021315,0.000501891647801734
"399","null",906,-0.000269139116941536,9.730290521972e-05,-0.000147578499550919,0.000227558585709289,0.00454720571687753,-0.00175461283626344
"400","null",907,2.99427829598478e-05,-4.55358255747761e-05,0.000372293638884286,-3.2107718286565e-05,7.51577704713501e-05,-0.000537227348919239
"401","null",908,0.000140744860150025,0.000877804293133234,-0.00014676511258153,0.000255295945366597,0.00251980222605669,-0.00213421298156326
"402","null",921,-0.000467770070116782,-0.000109888736902306,-0.000164296972783404,-6.50456894125974e-05,0.00169946890810053,0.000687790433440499
"403","null",922,0.00022769807257544,-0.000964969689587118,0.000246456414479458,-0.000131389624839887,-0.00153334735713167,-0.000927934738050105
"404","null",923,0.000438740801181064,-0.000786186892875192,1.48981106901077e-05,1.2092901467752e-05,-0.00538191852595212,-0.00213298742726725
"405","null",924,0.000294960341732777,0.000138351997632048,-0.000370387400075969,-0.000271918738874467,0.00487615133781928,0.00359105255007347
"406","null",925,-0.000277357980729215,-0.00023392558231749,6.4815551449308e-05,-6.74362198093547e-05,0.00173361119343009,0.000132490609123488
"407","null",926,0.000252466270291351,0.00093638060624229,0.00014650489890185,-0.00012996021995401,0.00471638648197755,0.000455593779179874
"408","null",927,0.000253354221448297,-0.000197105130474695,-3.88782678272034e-05,3.39778580880333e-05,0.00203281273943166,-0.000765986510845907
"409","null",928,8.18004111997515e-05,-0.000728484846265941,-9.01758897081407e-06,4.70560406295995e-05,0.00195260183636345,0.00273030583713373
"410","null",929,-0.000133547087516896,9.51213315828734e-06,0.000388586331111419,-0.000124784929208692,0.00149992756573468,0.00193155617690662
"411","null",930,5.23439189602746e-05,0.000589020728333594,-0.000177552311385637,-3.92437182642892e-05,-0.00164943617007205,0.00194045046059684
"412","null",941,-0.000334969472512445,-0.000819356436489414,-0.000173125578215559,0.000162130689026594,0.000604425071741455,0.000938011894936176
"413","null",942,-0.000100630680793114,3.96653078943407e-05,0.000162434727893349,0.000205125362072339,0.00147748519347845,0.00102675125924531
"414","null",943,0.000744785537698643,-0.00046947838084741,7.72121368083096e-05,0.000199446673356655,0.00552627895328839,-0.00142861826150017
"415","null",944,0.00032501904857057,-0.000532190257041594,0.000120401121039336,0.000132602485670801,-0.000508185304319816,-0.00399697669917477
"416","null",945,-0.000176504916789924,-0.000460674887934945,-0.00018645083540845,-1.41947384782507e-05,-0.00207439214097532,1.46715389616131e-05
"417","null",946,-0.000301347334043129,-0.000928396922497185,-5.94901290521668e-05,-0.000219879149249997,-0.000114699491049037,0.00174483898044107
"418","null",947,0.000423665469151854,-0.000486068764655433,0.000145172419664722,-0.000313346015016985,0.00048785878730009,0.00109509003254734
"419","null",948,-0.000148659246542666,-0.000860845558697138,-0.000206665591910129,-0.000138339417322891,0.000925923147497927,8.43529460804675e-05
"420","null",949,0.0007551264246917,-8.98343277124998e-05,0.000139085444050931,-2.51230022459313e-05,-0.00138717949227568,-0.000749890208107703
"421","null",950,-0.00013522681460444,-0.000163366606315951,-5.616952090871e-05,0.000103703715516654,-0.00238967639266929,-0.00149898261456914
"422","null",961,-6.8242679775588e-05,-0.000343951683532288,8.54574129155754e-05,0.00031919585762025,-0.0011720351110458,0.00159453594100515
"423","null",962,0.000265070276734585,-0.000186659100863552,-1.37898544514227e-05,-0.000112527342299742,-0.000587417403162809,0.000210935558278215
"424","null",963,-0.000204370815593459,0.000345306671025251,0.000144667265622186,-3.02266849812325e-05,0.00363023866488975,-0.00182649816895793
"425","null",964,0.000952708570506083,-0.000204578444342684,0.000120678842608608,-0.000252482100638812,0.00166730056804658,-0.000218091785938694
"426","null",965,-0.000417456973766944,-0.000408596201452088,-5.77021837255765e-05,-0.000171967367075373,0.000731034012756249,-0.00114437488573268
"427","null",966,-6.46102336908297e-05,0.000937617754776985,-0.000248286170026449,-0.000432934369275183,0.000867275021318716,0.000250273997479401
"428","null",967,-0.000512168539464789,0.000103903691157113,0.000107500639208482,0.000142633806684795,0.00245310940624763,0.00255934766921723
"429","null",968,0.000482040682998092,0.000342112563124579,0.000109822782070321,0.000123660505393565,0.00326074799917968,0.000301953880129525
"430","null",969,-5.1189486700795e-05,0.000308270979894637,6.93284290728609e-05,3.25734741896849e-05,0.00311829008400377,-0.000150469874208191
"431","null",970,-0.000770945658338986,-5.42357696113012e-05,0.000159182814188684,-0.000143930754917301,-0.0047750037044555,0.000751498046690709
"432","null",981,-0.000949196191982098,-0.000386065135487186,-3.60020936109483e-05,0.000114923245454625,-0.000138848771803933,-0.00325101502001992
"433","null",982,-1.56629144289586e-05,-5.78500735616318e-06,-0.000352650079616692,0.000144454878174769,0.00312563100184286,0.00674022349262485
"434","null",983,0.000273854190842931,7.98821195811184e-05,-1.25738156553256e-05,-0.000295210780570663,0.00449447351729502,-0.000840975940369135
"435","null",984,-0.000172297062957884,-0.000750408289175122,-5.0128430462588e-05,0.000124672072428656,0.00328484041242855,0.0024184917488348
"436","null",985,-0.000172695236967747,-0.000449035747652273,-7.97851767061398e-05,0.000318471006424779,0.000212858844797878,0.00413992442816996
"437","null",986,-0.000827910624962041,0.000419394637316771,0.000180167869826886,3.05011870302207e-05,0.0020149352090467,0.000681546077616647
"438","null",987,0.000556829717099332,-0.000215205691012893,-0.000202450706906992,-0.00039745279297201,0.0025909360067812,0.00219328871371306
"439","null",988,0.000186096112276108,-0.00103388755785166,-0.000106871137518646,7.62971115560267e-05,0.00395487767595953,0.000958053144757723
"440","null",989,-0.000203580193021469,-0.000789400584289828,7.24855025687452e-05,-0.00010382571092426,-0.00212360720874911,0.000125013279689815
"441","null",990,0.000277419534315005,-0.00118130606826866,0.000211366949238368,2.66427087968079e-05,-0.00394860186153926,-0.000699194650053779
"442","obs",NA,0.00444497284480176,0.00148192653577063,0.00143261818074426,0.00280431669130283,0.00613233586984824,0.00854090783799354
